ranking_date,ranking,ranking_points,tours,player_id,first_name,last_name,hand,birthdate,country
1997-10-20,453,23,15,200033,Serena,Williams,R,1981-09-26,USA
1997-10-27,448,23,15,200033,Serena,Williams,R,1981-09-26,USA
1997-11-03,304,54,15,200033,Serena,Williams,R,1981-09-26,USA
1997-11-10,102,257,15,200033,Serena,Williams,R,1981-09-26,USA
1997-11-17,100,257,15,200033,Serena,Williams,R,1981-09-26,USA
1997-11-24,99,257,15,200033,Serena,Williams,R,1981-09-26,USA
1997-12-01,99,257,15,200033,Serena,Williams,R,1981-09-26,USA
1997-12-08,99,257,15,200033,Serena,Williams,R,1981-09-26,USA
1997-12-15,99,257,15,200033,Serena,Williams,R,1981-09-26,USA
1997-12-22,101,257,15,200033,Serena,Williams,R,1981-09-26,USA
1997-12-29,101,257,15,200033,Serena,Williams,R,1981-09-26,USA
1998-01-01,101,257,15,200033,Serena,Williams,R,1981-09-26,USA
1998-01-05,97,257,15,200033,Serena,Williams,R,1981-09-26,USA
1998-01-12,96,257,15,200033,Serena,Williams,R,1981-09-26,USA
1998-01-19,53,487,15,200033,Serena,Williams,R,1981-09-26,USA
1998-01-26,48,487,15,200033,Serena,Williams,R,1981-09-26,USA
1998-02-02,42,599,15,200033,Serena,Williams,R,1981-09-26,USA
1998-02-09,41,599,15,200033,Serena,Williams,R,1981-09-26,USA
1998-02-16,41,599,15,200033,Serena,Williams,R,1981-09-26,USA
1998-02-23,42,599,15,200033,Serena,Williams,R,1981-09-26,USA
1998-03-02,39,639,15,200033,Serena,Williams,R,1981-09-26,USA
1998-03-09,39,639,15,200033,Serena,Williams,R,1981-09-26,USA
1998-03-16,40,638,15,200033,Serena,Williams,R,1981-09-26,USA
1998-03-23,40,638,15,200033,Serena,Williams,R,1981-09-26,USA
1998-03-30,30,792,15,200033,Serena,Williams,R,1981-09-26,USA
1998-04-06,31,792,15,200033,Serena,Williams,R,1981-09-26,USA
1998-04-13,31,792,15,200033,Serena,Williams,R,1981-09-26,USA
1998-04-20,31,792,15,200033,Serena,Williams,R,1981-09-26,USA
1998-04-27,30,792,15,200033,Serena,Williams,R,1981-09-26,USA
1998-05-04,31,792,15,200033,Serena,Williams,R,1981-09-26,USA
1998-05-11,27,958,15,200033,Serena,Williams,R,1981-09-26,USA
1998-05-18,27,958,15,200033,Serena,Williams,R,1981-09-26,USA
1998-05-25,27,958,15,200033,Serena,Williams,R,1981-09-26,USA
1998-06-01,27,958,15,200033,Serena,Williams,R,1981-09-26,USA
1998-06-08,22,1128,15,200033,Serena,Williams,R,1981-09-26,USA
1998-06-15,22,1128,15,200033,Serena,Williams,R,1981-09-26,USA
1998-06-22,20,1216,15,200033,Serena,Williams,R,1981-09-26,USA
1998-06-29,20,1216,15,200033,Serena,Williams,R,1981-09-26,USA
1998-07-06,21,1288,15,200033,Serena,Williams,R,1981-09-26,USA
1998-07-13,21,1288,15,200033,Serena,Williams,R,1981-09-26,USA
1998-07-20,21,1288,15,200033,Serena,Williams,R,1981-09-26,USA
1998-07-27,21,1288,15,200033,Serena,Williams,R,1981-09-26,USA
1998-08-03,21,1288,15,200033,Serena,Williams,R,1981-09-26,USA
1998-08-10,21,1273,15,200033,Serena,Williams,R,1981-09-26,USA
1998-08-17,20,1362,15,200033,Serena,Williams,R,1981-09-26,USA
1998-08-24,19,1362,15,200033,Serena,Williams,R,1981-09-26,USA
1998-08-31,20,1362,15,200033,Serena,Williams,R,1981-09-26,USA
1998-09-07,20,1362,15,200033,Serena,Williams,R,1981-09-26,USA
1998-09-14,19,1418,15,200033,Serena,Williams,R,1981-09-26,USA
1998-09-21,19,1418,15,200033,Serena,Williams,R,1981-09-26,USA
1998-09-28,19,1418,15,200033,Serena,Williams,R,1981-09-26,USA
1998-10-05,19,1418,15,200033,Serena,Williams,R,1981-09-26,USA
1998-10-12,17,1542,15,200033,Serena,Williams,R,1981-09-26,USA
1998-10-19,17,1535,15,200033,Serena,Williams,R,1981-09-26,USA
1998-10-26,17,1535,15,200033,Serena,Williams,R,1981-09-26,USA
1998-11-02,17,1504,15,200033,Serena,Williams,R,1981-09-26,USA
1998-11-09,21,1301,15,200033,Serena,Williams,R,1981-09-26,USA
1998-11-16,21,1301,15,200033,Serena,Williams,R,1981-09-26,USA
1998-11-23,20,1301,15,200033,Serena,Williams,R,1981-09-26,USA
1998-11-30,20,1301,15,200033,Serena,Williams,R,1981-09-26,USA
1998-12-07,20,1301,15,200033,Serena,Williams,R,1981-09-26,USA
1998-12-14,20,1301,15,200033,Serena,Williams,R,1981-09-26,USA
1998-12-21,20,1301,15,200033,Serena,Williams,R,1981-09-26,USA
1998-12-28,20,1301,15,200033,Serena,Williams,R,1981-09-26,USA
1999-01-01,20,1301,15,200033,Serena,Williams,R,1981-09-26,USA
1999-01-04,20,1301,15,200033,Serena,Williams,R,1981-09-26,USA
1999-01-11,22,1301,15,200033,Serena,Williams,R,1981-09-26,USA
1999-01-18,26,1099,15,200033,Serena,Williams,R,1981-09-26,USA
1999-01-25,26,1099,15,200033,Serena,Williams,R,1981-09-26,USA
1999-02-01,24,1085,15,200033,Serena,Williams,R,1981-09-26,USA
1999-02-08,24,1085,15,200033,Serena,Williams,R,1981-09-26,USA
1999-02-15,24,1085,15,200033,Serena,Williams,R,1981-09-26,USA
1999-02-22,24,1085,15,200033,Serena,Williams,R,1981-09-26,USA
1999-03-01,21,1348,15,200033,Serena,Williams,R,1981-09-26,USA
1999-03-08,21,1348,15,200033,Serena,Williams,R,1981-09-26,USA
1999-03-15,16,1816,15,200033,Serena,Williams,R,1981-09-26,USA
1999-03-22,16,1816,15,200033,Serena,Williams,R,1981-09-26,USA
1999-03-29,11,2080,15,200033,Serena,Williams,R,1981-09-26,USA
1999-04-05,9,2080,15,200033,Serena,Williams,R,1981-09-26,USA
1999-04-12,9,2080,15,200033,Serena,Williams,R,1981-09-26,USA
1999-04-19,9,2080,15,200033,Serena,Williams,R,1981-09-26,USA
1999-04-26,10,2080,15,200033,Serena,Williams,R,1981-09-26,USA
1999-05-03,10,2080,15,200033,Serena,Williams,R,1981-09-26,USA
1999-05-10,11,2010,15,200033,Serena,Williams,R,1981-09-26,USA
1999-05-17,10,2089,15,200033,Serena,Williams,R,1981-09-26,USA
1999-05-24,10,2089,15,200033,Serena,Williams,R,1981-09-26,USA
1999-05-31,10,2089,15,200033,Serena,Williams,R,1981-09-26,USA
1999-06-07,10,1979,15,200033,Serena,Williams,R,1981-09-26,USA
1999-06-14,10,1979,15,200033,Serena,Williams,R,1981-09-26,USA
1999-06-21,11,1891,15,200033,Serena,Williams,R,1981-09-26,USA
1999-06-28,11,1891,15,200033,Serena,Williams,R,1981-09-26,USA
1999-07-05,12,1819,15,200033,Serena,Williams,R,1981-09-26,USA
1999-07-12,12,1819,15,200033,Serena,Williams,R,1981-09-26,USA
1999-07-19,11,1819,15,200033,Serena,Williams,R,1981-09-26,USA
1999-07-26,11,1819,15,200033,Serena,Williams,R,1981-09-26,USA
1999-08-02,11,1819,15,200033,Serena,Williams,R,1981-09-26,USA
1999-08-09,11,1819,15,200033,Serena,Williams,R,1981-09-26,USA
1999-08-16,8,2154,15,200033,Serena,Williams,R,1981-09-26,USA
1999-08-23,8,2154,15,200033,Serena,Williams,R,1981-09-26,USA
1999-08-30,6,2154,15,200033,Serena,Williams,R,1981-09-26,USA
1999-09-06,6,2154,15,200033,Serena,Williams,R,1981-09-26,USA
1999-09-13,4,3144,15,200033,Serena,Williams,R,1981-09-26,USA
1999-09-20,4,3144,15,200033,Serena,Williams,R,1981-09-26,USA
1999-09-27,4,3144,15,200033,Serena,Williams,R,1981-09-26,USA
1999-10-04,4,3144,15,200033,Serena,Williams,R,1981-09-26,USA
1999-10-11,4,3021,15,200033,Serena,Williams,R,1981-09-26,USA
1999-10-18,4,3021,15,200033,Serena,Williams,R,1981-09-26,USA
1999-10-25,4,3021,15,200033,Serena,Williams,R,1981-09-26,USA
1999-11-01,4,3021,15,200033,Serena,Williams,R,1981-09-26,USA
1999-11-08,4,3021,15,200033,Serena,Williams,R,1981-09-26,USA
1999-11-15,4,3021,15,200033,Serena,Williams,R,1981-09-26,USA
1999-11-22,4,3021,15,200033,Serena,Williams,R,1981-09-26,USA
1999-11-29,4,3021,15,200033,Serena,Williams,R,1981-09-26,USA
1999-12-06,4,3021,15,200033,Serena,Williams,R,1981-09-26,USA
1999-12-13,4,3021,15,200033,Serena,Williams,R,1981-09-26,USA
1999-12-20,4,3021,15,200033,Serena,Williams,R,1981-09-26,USA
1999-12-27,4,3021,15,200033,Serena,Williams,R,1981-09-26,USA
2000-01-01,4,3021,15,200033,Serena,Williams,R,1981-09-26,USA
2000-01-03,4,3021,15,200033,Serena,Williams,R,1981-09-26,USA
2000-01-10,4,3021,15,200033,Serena,Williams,R,1981-09-26,USA
2000-01-17,4,2993,15,200033,Serena,Williams,R,1981-09-26,USA
2000-01-24,4,2993,15,200033,Serena,Williams,R,1981-09-26,USA
2000-01-31,4,3015,15,200033,Serena,Williams,R,1981-09-26,USA
2000-02-07,4,3015,15,200033,Serena,Williams,R,1981-09-26,USA
2000-02-14,4,3231,15,200033,Serena,Williams,R,1981-09-26,USA
2000-02-21,4,3512,15,200033,Serena,Williams,R,1981-09-26,USA
2000-02-28,4,3209,15,200033,Serena,Williams,R,1981-09-26,USA
2000-03-06,4,2741,15,200033,Serena,Williams,R,1981-09-26,USA
2000-03-13,4,2741,15,200033,Serena,Williams,R,1981-09-26,USA
2000-03-20,6,2421,15,200033,Serena,Williams,R,1981-09-26,USA
2000-03-27,6,2421,15,200033,Serena,Williams,R,1981-09-26,USA
2000-04-03,6,2488,15,200033,Serena,Williams,R,1981-09-26,USA
2000-04-10,6,2488,15,200033,Serena,Williams,R,1981-09-26,USA
2000-04-17,6,2489,15,200033,Serena,Williams,R,1981-09-26,USA
2000-04-24,6,2489,15,200033,Serena,Williams,R,1981-09-26,USA
2000-05-01,6,2489,15,200033,Serena,Williams,R,1981-09-26,USA
2000-05-08,6,2393,15,200033,Serena,Williams,R,1981-09-26,USA
2000-05-15,8,2314,15,200033,Serena,Williams,R,1981-09-26,USA
2000-05-22,8,2314,15,200033,Serena,Williams,R,1981-09-26,USA
2000-05-29,8,2314,15,200033,Serena,Williams,R,1981-09-26,USA
2000-06-05,8,2314,15,200033,Serena,Williams,R,1981-09-26,USA
2000-06-12,8,2254,15,200033,Serena,Williams,R,1981-09-26,USA
2000-06-19,8,2254,15,200033,Serena,Williams,R,1981-09-26,USA
2000-06-26,8,2254,15,200033,Serena,Williams,R,1981-09-26,USA
2000-07-03,8,2254,15,200033,Serena,Williams,R,1981-09-26,USA
2000-07-10,7,2594,15,200033,Serena,Williams,R,1981-09-26,USA
2000-07-17,7,2594,15,200033,Serena,Williams,R,1981-09-26,USA
2000-07-24,7,2594,15,200033,Serena,Williams,R,1981-09-26,USA
2000-07-31,7,2594,15,200033,Serena,Williams,R,1981-09-26,USA
2000-08-07,7,2594,15,200033,Serena,Williams,R,1981-09-26,USA
2000-08-14,7,2613,15,200033,Serena,Williams,R,1981-09-26,USA
2000-08-21,5,2911,15,200033,Serena,Williams,R,1981-09-26,USA
2000-08-28,6,2911,15,200033,Serena,Williams,R,1981-09-26,USA
2000-09-04,6,2911,15,200033,Serena,Williams,R,1981-09-26,USA
2000-09-11,8,2055,15,200033,Serena,Williams,R,1981-09-26,USA
2000-09-18,8,2055,15,200033,Serena,Williams,R,1981-09-26,USA
2000-09-25,8,2055,15,200033,Serena,Williams,R,1981-09-26,USA
2000-10-02,8,2055,15,200033,Serena,Williams,R,1981-09-26,USA
2000-10-09,8,2306,15,200033,Serena,Williams,R,1981-09-26,USA
2000-10-16,8,2306,15,200033,Serena,Williams,R,1981-09-26,USA
2000-10-23,7,2306,15,200033,Serena,Williams,R,1981-09-26,USA
2000-10-30,7,2306,15,200033,Serena,Williams,R,1981-09-26,USA
2000-11-06,6,2306,15,200033,Serena,Williams,R,1981-09-26,USA
2000-11-13,6,2306,15,200033,Serena,Williams,R,1981-09-26,USA
2000-11-20,6,2306,15,200033,Serena,Williams,R,1981-09-26,USA
2000-11-27,6,2306,15,200033,Serena,Williams,R,1981-09-26,USA
2000-12-04,6,2306,15,200033,Serena,Williams,R,1981-09-26,USA
2000-12-11,6,2306,15,200033,Serena,Williams,R,1981-09-26,USA
2000-12-18,6,2306,15,200033,Serena,Williams,R,1981-09-26,USA
2000-12-25,6,2306,15,200033,Serena,Williams,R,1981-09-26,USA
2001-01-01,6,2306,15,200033,Serena,Williams,R,1981-09-26,USA
2001-01-08,6,2306,15,200033,Serena,Williams,R,1981-09-26,USA
2001-01-15,6,2374,15,200033,Serena,Williams,R,1981-09-26,USA
2001-01-22,6,2374,15,200033,Serena,Williams,R,1981-09-26,USA
2001-01-29,5,2454,15,200033,Serena,Williams,R,1981-09-26,USA
2001-02-05,5,2454,15,200033,Serena,Williams,R,1981-09-26,USA
2001-02-12,7,2238,15,200033,Serena,Williams,R,1981-09-26,USA
2001-02-19,9,1957,15,200033,Serena,Williams,R,1981-09-26,USA
2001-02-26,9,1957,15,200033,Serena,Williams,R,1981-09-26,USA
2001-03-05,10,1957,15,200033,Serena,Williams,R,1981-09-26,USA
2001-03-12,10,1957,15,200033,Serena,Williams,R,1981-09-26,USA
2001-03-19,7,2275,15,200033,Serena,Williams,R,1981-09-26,USA
2001-03-26,7,2275,15,200033,Serena,Williams,R,1981-09-26,USA
2001-04-02,6,2320,15,200033,Serena,Williams,R,1981-09-26,USA
2001-04-09,6,2320,15,200033,Serena,Williams,R,1981-09-26,USA
2001-04-16,6,2319,15,200033,Serena,Williams,R,1981-09-26,USA
2001-04-23,6,2319,15,200033,Serena,Williams,R,1981-09-26,USA
2001-04-30,6,2319,15,200033,Serena,Williams,R,1981-09-26,USA
2001-05-07,6,2319,15,200033,Serena,Williams,R,1981-09-26,USA
2001-05-14,7,2319,15,200033,Serena,Williams,R,1981-09-26,USA
2001-05-21,7,2319,15,200033,Serena,Williams,R,1981-09-26,USA
2001-05-28,7,2319,15,200033,Serena,Williams,R,1981-09-26,USA
2001-06-04,7,2319,15,200033,Serena,Williams,R,1981-09-26,USA
2001-06-11,5,2481,15,200033,Serena,Williams,R,1981-09-26,USA
2001-06-18,5,2481,15,200033,Serena,Williams,R,1981-09-26,USA
2001-06-25,5,2481,15,200033,Serena,Williams,R,1981-09-26,USA
2001-07-02,5,2481,15,200033,Serena,Williams,R,1981-09-26,USA
2001-07-09,8,2381,15,200033,Serena,Williams,R,1981-09-26,USA
2001-07-16,8,2381,15,200033,Serena,Williams,R,1981-09-26,USA
2001-07-23,8,2381,15,200033,Serena,Williams,R,1981-09-26,USA
2001-07-30,8,2381,15,200033,Serena,Williams,R,1981-09-26,USA
2001-08-06,8,2381,15,200033,Serena,Williams,R,1981-09-26,USA
2001-08-13,10,2000,15,200033,Serena,Williams,R,1981-09-26,USA
2001-08-20,10,2125,15,200033,Serena,Williams,R,1981-09-26,USA
2001-08-27,10,2125,15,200033,Serena,Williams,R,1981-09-26,USA
2001-09-03,10,2125,15,200033,Serena,Williams,R,1981-09-26,USA
2001-09-10,7,2753,15,200033,Serena,Williams,R,1981-09-26,USA
2001-09-17,7,2753,15,200033,Serena,Williams,R,1981-09-26,USA
2001-09-24,7,2753,15,200033,Serena,Williams,R,1981-09-26,USA
2001-10-01,7,2753,15,200033,Serena,Williams,R,1981-09-26,USA
2001-10-08,9,2501,15,200033,Serena,Williams,R,1981-09-26,USA
2001-10-15,9,2501,15,200033,Serena,Williams,R,1981-09-26,USA
2001-10-22,10,2501,15,200033,Serena,Williams,R,1981-09-26,USA
2001-10-29,10,2501,15,200033,Serena,Williams,R,1981-09-26,USA
2001-11-05,6,3004,15,200033,Serena,Williams,R,1981-09-26,USA
2001-11-12,6,3004,15,200033,Serena,Williams,R,1981-09-26,USA
2001-11-19,6,3004,15,200033,Serena,Williams,R,1981-09-26,USA
2001-11-26,6,3004,15,200033,Serena,Williams,R,1981-09-26,USA
2001-12-03,6,3004,15,200033,Serena,Williams,R,1981-09-26,USA
2001-12-10,6,3004,15,200033,Serena,Williams,R,1981-09-26,USA
2001-12-17,6,3004,15,200033,Serena,Williams,R,1981-09-26,USA
2001-12-24,6,3004,15,200033,Serena,Williams,R,1981-09-26,USA
2001-12-31,6,3004,15,200033,Serena,Williams,R,1981-09-26,USA
2002-01-01,6,3004,15,200033,Serena,Williams,R,1981-09-26,USA
2002-01-07,6,3004,15,200033,Serena,Williams,R,1981-09-26,USA
2002-01-14,6,3075,15,200033,Serena,Williams,R,1981-09-26,USA
2002-01-21,6,3075,15,200033,Serena,Williams,R,1981-09-26,USA
2002-01-28,6,2875,15,200033,Serena,Williams,R,1981-09-26,USA
2002-02-04,6,2875,15,200033,Serena,Williams,R,1981-09-26,USA
2002-02-11,8,2875,15,200033,Serena,Williams,R,1981-09-26,USA
2002-02-18,9,2875,15,200033,Serena,Williams,R,1981-09-26,USA
2002-02-25,9,2875,15,200033,Serena,Williams,R,1981-09-26,USA
2002-03-04,6,3209,15,200033,Serena,Williams,R,1981-09-26,USA
2002-03-11,6,3209,15,200033,Serena,Williams,R,1981-09-26,USA
2002-03-18,9,2793,15,200033,Serena,Williams,R,1981-09-26,USA
2002-03-25,9,2793,15,200033,Serena,Williams,R,1981-09-26,USA
2002-04-01,7,3271,15,200033,Serena,Williams,R,1981-09-26,USA
2002-04-08,7,3271,15,200033,Serena,Williams,R,1981-09-26,USA
2002-04-15,7,3271,15,200033,Serena,Williams,R,1981-09-26,USA
2002-04-22,5,3363,15,200033,Serena,Williams,R,1981-09-26,USA
2002-04-29,5,3363,15,200033,Serena,Williams,R,1981-09-26,USA
2002-05-06,5,3363,15,200033,Serena,Williams,R,1981-09-26,USA
2002-05-13,4,3609,15,200033,Serena,Williams,R,1981-09-26,USA
2002-05-20,3,4036,15,200033,Serena,Williams,R,1981-09-26,USA
2002-05-27,3,4036,15,200033,Serena,Williams,R,1981-09-26,USA
2002-06-03,3,4036,15,200033,Serena,Williams,R,1981-09-26,USA
2002-06-10,2,4926,15,200033,Serena,Williams,R,1981-09-26,USA
2002-06-17,2,4926,15,200033,Serena,Williams,R,1981-09-26,USA
2002-06-24,2,4926,15,200033,Serena,Williams,R,1981-09-26,USA
2002-07-01,2,4926,15,200033,Serena,Williams,R,1981-09-26,USA
2002-07-08,1,5742,15,200033,Serena,Williams,R,1981-09-26,USA
2002-07-15,1,5742,15,200033,Serena,Williams,R,1981-09-26,USA
2002-07-22,1,5742,15,200033,Serena,Williams,R,1981-09-26,USA
2002-07-29,1,5742,15,200033,Serena,Williams,R,1981-09-26,USA
2002-08-05,1,5742,15,200033,Serena,Williams,R,1981-09-26,USA
2002-08-12,1,5745,15,200033,Serena,Williams,R,1981-09-26,USA
2002-08-19,1,5322,15,200033,Serena,Williams,R,1981-09-26,USA
2002-08-26,1,5322,15,200033,Serena,Williams,R,1981-09-26,USA
2002-09-02,1,5322,15,200033,Serena,Williams,R,1981-09-26,USA
2002-09-09,1,5544,15,200033,Serena,Williams,R,1981-09-26,USA
2002-09-16,1,5544,15,200033,Serena,Williams,R,1981-09-26,USA
2002-09-23,1,5808,15,200033,Serena,Williams,R,1981-09-26,USA
2002-09-30,1,6099,15,200033,Serena,Williams,R,1981-09-26,USA
2002-10-07,1,6099,15,200033,Serena,Williams,R,1981-09-26,USA
2002-10-14,1,6099,15,200033,Serena,Williams,R,1981-09-26,USA
2002-10-21,1,6099,15,200033,Serena,Williams,R,1981-09-26,USA
2002-10-28,1,6099,15,200033,Serena,Williams,R,1981-09-26,USA
2002-11-04,1,5596,15,200033,Serena,Williams,R,1981-09-26,USA
2002-11-11,1,6080,15,200033,Serena,Williams,R,1981-09-26,USA
2002-11-18,1,6080,15,200033,Serena,Williams,R,1981-09-26,USA
2002-11-25,1,6080,15,200033,Serena,Williams,R,1981-09-26,USA
2002-12-02,1,6080,15,200033,Serena,Williams,R,1981-09-26,USA
2002-12-09,1,6080,15,200033,Serena,Williams,R,1981-09-26,USA
2002-12-16,1,6080,15,200033,Serena,Williams,R,1981-09-26,USA
2002-12-23,1,6080,15,200033,Serena,Williams,R,1981-09-26,USA
2002-12-30,1,6080,15,200033,Serena,Williams,R,1981-09-26,USA
2003-01-01,1,6080,15,200033,Serena,Williams,R,1981-09-26,USA
2003-01-06,1,6080,15,200033,Serena,Williams,R,1981-09-26,USA
2003-01-13,1,5941,15,200033,Serena,Williams,R,1981-09-26,USA
2003-01-20,1,5941,15,200033,Serena,Williams,R,1981-09-26,USA
2003-01-27,1,6989,15,200033,Serena,Williams,R,1981-09-26,USA
2003-02-03,1,6989,15,200033,Serena,Williams,R,1981-09-26,USA
2003-02-10,1,7273,15,200033,Serena,Williams,R,1981-09-26,USA
2003-02-17,1,7273,15,200033,Serena,Williams,R,1981-09-26,USA
2003-02-24,1,7273,15,200033,Serena,Williams,R,1981-09-26,USA
2003-03-03,1,6939,15,200033,Serena,Williams,R,1981-09-26,USA
2003-03-10,1,6939,15,200033,Serena,Williams,R,1981-09-26,USA
2003-03-17,1,6939,15,200033,Serena,Williams,R,1981-09-26,USA
2003-03-24,1,6939,15,200033,Serena,Williams,R,1981-09-26,USA
2003-03-31,1,6842,15,200033,Serena,Williams,R,1981-09-26,USA
2003-04-07,1,6842,15,200033,Serena,Williams,R,1981-09-26,USA
2003-04-14,1,7147,15,200033,Serena,Williams,R,1981-09-26,USA
2003-04-21,1,7055,15,200033,Serena,Williams,R,1981-09-26,USA
2003-04-28,1,7055,15,200033,Serena,Williams,R,1981-09-26,USA
2003-05-05,1,7055,15,200033,Serena,Williams,R,1981-09-26,USA
2003-05-12,1,6809,15,200033,Serena,Williams,R,1981-09-26,USA
2003-05-19,1,6552,15,200033,Serena,Williams,R,1981-09-26,USA
2003-05-26,1,6552,15,200033,Serena,Williams,R,1981-09-26,USA
2003-06-02,1,6552,15,200033,Serena,Williams,R,1981-09-26,USA
2003-06-09,1,6006,15,200033,Serena,Williams,R,1981-09-26,USA
2003-06-16,1,6006,15,200033,Serena,Williams,R,1981-09-26,USA
2003-06-23,1,6006,15,200033,Serena,Williams,R,1981-09-26,USA
2003-06-30,1,6006,15,200033,Serena,Williams,R,1981-09-26,USA
2003-07-07,1,6060,15,200033,Serena,Williams,R,1981-09-26,USA
2003-07-14,1,6060,15,200033,Serena,Williams,R,1981-09-26,USA
2003-07-21,1,6060,15,200033,Serena,Williams,R,1981-09-26,USA
2003-07-28,1,6060,15,200033,Serena,Williams,R,1981-09-26,USA
2003-08-04,1,6060,15,200033,Serena,Williams,R,1981-09-26,USA
2003-08-11,2,5995,15,200033,Serena,Williams,R,1981-09-26,USA
2003-08-18,2,5995,15,200033,Serena,Williams,R,1981-09-26,USA
2003-08-25,2,5995,15,200033,Serena,Williams,R,1981-09-26,USA
2003-09-01,2,5995,15,200033,Serena,Williams,R,1981-09-26,USA
2003-09-08,3,4955,15,200033,Serena,Williams,R,1981-09-26,USA
2003-09-15,3,4955,15,200033,Serena,Williams,R,1981-09-26,USA
2003-09-22,3,4691,15,200033,Serena,Williams,R,1981-09-26,USA
2003-09-29,3,4400,15,200033,Serena,Williams,R,1981-09-26,USA
2003-10-06,3,4400,15,200033,Serena,Williams,R,1981-09-26,USA
2003-10-13,3,4400,15,200033,Serena,Williams,R,1981-09-26,USA
2003-10-20,3,4400,15,200033,Serena,Williams,R,1981-09-26,USA
2003-10-27,3,4400,15,200033,Serena,Williams,R,1981-09-26,USA
2003-11-03,3,4400,15,200033,Serena,Williams,R,1981-09-26,USA
2003-11-10,3,3916,15,200033,Serena,Williams,R,1981-09-26,USA
2003-11-17,3,3916,15,200033,Serena,Williams,R,1981-09-26,USA
2003-11-24,3,3916,15,200033,Serena,Williams,R,1981-09-26,USA
2003-12-01,3,3916,15,200033,Serena,Williams,R,1981-09-26,USA
2003-12-08,3,3916,15,200033,Serena,Williams,R,1981-09-26,USA
2003-12-15,3,3916,15,200033,Serena,Williams,R,1981-09-26,USA
2003-12-22,3,3916,15,200033,Serena,Williams,R,1981-09-26,USA
2003-12-29,3,3916,15,200033,Serena,Williams,R,1981-09-26,USA
2004-01-01,3,3916,15,200033,Serena,Williams,R,1981-09-26,USA
2004-01-05,3,3916,15,200033,Serena,Williams,R,1981-09-26,USA
2004-01-12,3,3916,15,200033,Serena,Williams,R,1981-09-26,USA
2004-01-19,3,3916,15,200033,Serena,Williams,R,1981-09-26,USA
2004-01-26,3,3916,15,200033,Serena,Williams,R,1981-09-26,USA
2004-02-02,4,2868,15,200033,Serena,Williams,R,1981-09-26,USA
2004-02-09,7,2584,15,200033,Serena,Williams,R,1981-09-26,USA
2004-02-16,6,2584,15,200033,Serena,Williams,R,1981-09-26,USA
2004-02-23,6,2584,15,200033,Serena,Williams,R,1981-09-26,USA
2004-03-01,6,2584,15,200033,Serena,Williams,R,1981-09-26,USA
2004-03-08,7,2584,15,200033,Serena,Williams,R,1981-09-26,USA
2004-03-15,7,2584,15,200033,Serena,Williams,R,1981-09-26,USA
2004-03-22,6,2584,15,200033,Serena,Williams,R,1981-09-26,USA
2004-03-29,6,2584,15,200033,Serena,Williams,R,1981-09-26,USA
2004-04-05,7,2519,15,200033,Serena,Williams,R,1981-09-26,USA
2004-04-12,9,2293,15,200033,Serena,Williams,R,1981-09-26,USA
2004-04-19,7,2337,15,200033,Serena,Williams,R,1981-09-26,USA
2004-04-26,7,2337,15,200033,Serena,Williams,R,1981-09-26,USA
2004-04-26,7,2337,15,200033,Serena,Williams,R,1981-09-26,USA
2004-05-03,7,2337,15,200033,Serena,Williams,R,1981-09-26,USA
2004-05-03,7,2337,15,200033,Serena,Williams,R,1981-09-26,USA
2004-05-17,7,2351,15,200033,Serena,Williams,R,1981-09-26,USA
2004-05-17,7,2351,15,200033,Serena,Williams,R,1981-09-26,USA
2004-05-24,7,2351,15,200033,Serena,Williams,R,1981-09-26,USA
2004-05-24,7,2351,15,200033,Serena,Williams,R,1981-09-26,USA
2004-05-31,7,2351,15,200033,Serena,Williams,R,1981-09-26,USA
2004-06-07,11,2055,15,200033,Serena,Williams,R,1981-09-26,USA
2004-06-14,10,2055,15,200033,Serena,Williams,R,1981-09-26,USA
2004-06-21,10,2055,15,200033,Serena,Williams,R,1981-09-26,USA
2004-06-28,10,2055,15,200033,Serena,Williams,R,1981-09-26,USA
2004-07-05,14,1649,15,200033,Serena,Williams,R,1981-09-26,USA
2004-07-12,14,1649,15,200033,Serena,Williams,R,1981-09-26,USA
2004-07-19,16,1649,15,200033,Serena,Williams,R,1981-09-26,USA
2004-07-26,14,1887,15,200033,Serena,Williams,R,1981-09-26,USA
2004-08-02,10,1995,15,200033,Serena,Williams,R,1981-09-26,USA
2004-08-09,11,1995,15,200033,Serena,Williams,R,1981-09-26,USA
2004-08-16,11,1995,15,200033,Serena,Williams,R,1981-09-26,USA
2004-08-23,11,1995,15,200033,Serena,Williams,R,1981-09-26,USA
2004-08-30,11,1995,15,200033,Serena,Williams,R,1981-09-26,USA
2004-09-06,11,1995,15,200033,Serena,Williams,R,1981-09-26,USA
2004-09-13,10,2273,15,200033,Serena,Williams,R,1981-09-26,USA
2004-09-20,10,2273,15,200033,Serena,Williams,R,1981-09-26,USA
2004-09-27,10,2596,15,200033,Serena,Williams,R,1981-09-26,USA
2004-10-04,9,2596,15,200033,Serena,Williams,R,1981-09-26,USA
2004-10-11,9,2596,15,200033,Serena,Williams,R,1981-09-26,USA
2004-10-18,9,2596,15,200033,Serena,Williams,R,1981-09-26,USA
2004-10-25,9,2596,15,200033,Serena,Williams,R,1981-09-26,USA
2004-11-01,8,2597,15,200033,Serena,Williams,R,1981-09-26,USA
2004-11-08,8,2597,15,200033,Serena,Williams,R,1981-09-26,USA
2004-11-15,7,3128,15,200033,Serena,Williams,R,1981-09-26,USA
2004-11-22,7,3128,15,200033,Serena,Williams,R,1981-09-26,USA
2004-11-29,7,3128,15,200033,Serena,Williams,R,1981-09-26,USA
2004-12-06,7,3128,15,200033,Serena,Williams,R,1981-09-26,USA
2004-12-13,7,3128,15,200033,Serena,Williams,R,1981-09-26,USA
2004-12-20,7,3128,15,200033,Serena,Williams,R,1981-09-26,USA
2004-12-27,7,3128,15,200033,Serena,Williams,R,1981-09-26,USA
2005-01-01,7,3128,15,200033,Serena,Williams,R,1981-09-26,USA
2005-01-03,7,3128,15,200033,Serena,Williams,R,1981-09-26,USA
2005-01-10,7,3128,15,200033,Serena,Williams,R,1981-09-26,USA
2005-01-17,7,3128,15,200033,Serena,Williams,R,1981-09-26,USA
2005-01-24,7,3128,15,200033,Serena,Williams,R,1981-09-26,USA
2005-01-31,2,4336,15,200033,Serena,Williams,R,1981-09-26,USA
2005-02-07,2,4336,15,200033,Serena,Williams,R,1981-09-26,USA
2005-02-14,3,4389,15,200033,Serena,Williams,R,1981-09-26,USA
2005-02-21,3,4389,15,200033,Serena,Williams,R,1981-09-26,USA
2005-02-28,4,4389,15,200033,Serena,Williams,R,1981-09-26,USA
2005-03-07,4,4535,15,200033,Serena,Williams,R,1981-09-26,USA
2005-03-14,4,4535,15,200033,Serena,Williams,R,1981-09-26,USA
2005-03-21,4,4535,15,200033,Serena,Williams,R,1981-09-26,USA
2005-03-28,4,4535,15,200033,Serena,Williams,R,1981-09-26,USA
2005-04-04,4,4223,15,200033,Serena,Williams,R,1981-09-26,USA
2005-04-11,4,4218,15,200033,Serena,Williams,R,1981-09-26,USA
2005-04-18,4,4174,15,200033,Serena,Williams,R,1981-09-26,USA
2005-04-25,4,4174,15,200033,Serena,Williams,R,1981-09-26,USA
2005-05-02,4,4174,15,200033,Serena,Williams,R,1981-09-26,USA
2005-05-09,4,4174,15,200033,Serena,Williams,R,1981-09-26,USA
2005-05-16,4,3991,15,200033,Serena,Williams,R,1981-09-26,USA
2005-05-23,4,3991,15,200033,Serena,Williams,R,1981-09-26,USA
2005-05-30,4,3991,15,200033,Serena,Williams,R,1981-09-26,USA
2005-06-06,4,3781,15,200033,Serena,Williams,R,1981-09-26,USA
2005-06-13,4,3781,15,200033,Serena,Williams,R,1981-09-26,USA
2005-06-20,4,3781,15,200033,Serena,Williams,R,1981-09-26,USA
2005-06-27,4,3781,15,200033,Serena,Williams,R,1981-09-26,USA
2005-07-04,6,3145,15,200033,Serena,Williams,R,1981-09-26,USA
2005-07-11,6,3145,15,200033,Serena,Williams,R,1981-09-26,USA
2005-07-18,6,3145,15,200033,Serena,Williams,R,1981-09-26,USA
2005-07-25,7,2907,15,200033,Serena,Williams,R,1981-09-26,USA
2005-08-01,7,2799,15,200033,Serena,Williams,R,1981-09-26,USA
2005-08-08,7,2799,15,200033,Serena,Williams,R,1981-09-26,USA
2005-08-15,7,2799,15,200033,Serena,Williams,R,1981-09-26,USA
2005-08-22,8,2845,15,200033,Serena,Williams,R,1981-09-26,USA
2005-08-29,8,2845,15,200033,Serena,Williams,R,1981-09-26,USA
2005-09-05,8,2845,15,200033,Serena,Williams,R,1981-09-26,USA
2005-09-12,9,2705,15,200033,Serena,Williams,R,1981-09-26,USA
2005-09-19,9,2705,15,200033,Serena,Williams,R,1981-09-26,USA
2005-09-26,11,2383,15,200033,Serena,Williams,R,1981-09-26,USA
2005-10-03,11,2383,15,200033,Serena,Williams,R,1981-09-26,USA
2005-10-10,11,2383,15,200033,Serena,Williams,R,1981-09-26,USA
2005-10-17,11,2383,15,200033,Serena,Williams,R,1981-09-26,USA
2005-10-24,11,2383,15,200033,Serena,Williams,R,1981-09-26,USA
2005-10-31,11,2382,15,200033,Serena,Williams,R,1981-09-26,USA
2005-11-07,11,2382,15,200033,Serena,Williams,R,1981-09-26,USA
2005-11-14,11,1851,15,200033,Serena,Williams,R,1981-09-26,USA
2005-11-21,11,1851,15,200033,Serena,Williams,R,1981-09-26,USA
2005-11-28,11,1851,15,200033,Serena,Williams,R,1981-09-26,USA
2005-12-05,11,1851,15,200033,Serena,Williams,R,1981-09-26,USA
2005-12-12,11,1851,15,200033,Serena,Williams,R,1981-09-26,USA
2005-12-19,11,1851,15,200033,Serena,Williams,R,1981-09-26,USA
2005-12-26,11,1851,15,200033,Serena,Williams,R,1981-09-26,USA
2006-01-01,11,1851,15,200033,Serena,Williams,R,1981-09-26,USA
2006-01-02,11,1851,15,200033,Serena,Williams,R,1981-09-26,USA
2006-01-09,13,1175,15,200033,Serena,Williams,R,1981-09-26,USA
2006-01-16,15,1175,15,200033,Serena,Williams,R,1981-09-26,USA
2006-01-23,15,1175,15,200033,Serena,Williams,R,1981-09-26,USA
2006-01-30,39,537,15,200033,Serena,Williams,R,1981-09-26,USA
2006-02-06,37,537,15,200033,Serena,Williams,R,1981-09-26,USA
2006-02-13,44,488,15,200033,Serena,Williams,R,1981-09-26,USA
2006-02-20,44,488,15,200033,Serena,Williams,R,1981-09-26,USA
2006-02-27,46,488,15,200033,Serena,Williams,R,1981-09-26,USA
2006-03-06,58,400,15,200033,Serena,Williams,R,1981-09-26,USA
2006-03-13,58,400,15,200033,Serena,Williams,R,1981-09-26,USA
2006-03-20,61,400,15,200033,Serena,Williams,R,1981-09-26,USA
2006-03-27,61,400,15,200033,Serena,Williams,R,1981-09-26,USA
2006-04-03,88,313,15,200033,Serena,Williams,R,1981-09-26,USA
2006-04-10,106,264,15,200033,Serena,Williams,R,1981-09-26,USA
2006-04-17,107,264,15,200033,Serena,Williams,R,1981-09-26,USA
2006-04-24,107,264,15,200033,Serena,Williams,R,1981-09-26,USA
2006-05-01,106,264,15,200033,Serena,Williams,R,1981-09-26,USA
2006-05-08,105,264,15,200033,Serena,Williams,R,1981-09-26,USA
2006-05-15,105,263,15,200033,Serena,Williams,R,1981-09-26,USA
2006-05-22,108,263,15,200033,Serena,Williams,R,1981-09-26,USA
2006-05-29,108,263,15,200033,Serena,Williams,R,1981-09-26,USA
2006-06-05,108,263,15,200033,Serena,Williams,R,1981-09-26,USA
2006-06-12,104,263,15,200033,Serena,Williams,R,1981-09-26,USA
2006-06-19,104,263,15,200033,Serena,Williams,R,1981-09-26,USA
2006-06-26,104,263,15,200033,Serena,Williams,R,1981-09-26,USA
2006-07-03,104,263,15,200033,Serena,Williams,R,1981-09-26,USA
2006-07-10,140,201,15,200033,Serena,Williams,R,1981-09-26,USA
2006-07-17,139,201,15,200033,Serena,Williams,R,1981-09-26,USA
2006-07-24,108,256,15,200033,Serena,Williams,R,1981-09-26,USA
2006-07-31,108,256,15,200033,Serena,Williams,R,1981-09-26,USA
2006-08-07,110,256,15,200033,Serena,Williams,R,1981-09-26,USA
2006-08-14,79,344,15,200033,Serena,Williams,R,1981-09-26,USA
2006-08-21,90,302,15,200033,Serena,Williams,R,1981-09-26,USA
2006-08-28,91,302,15,200033,Serena,Williams,R,1981-09-26,USA
2006-09-04,91,302,15,200033,Serena,Williams,R,1981-09-26,USA
2006-09-11,94,302,15,200033,Serena,Williams,R,1981-09-26,USA
2006-09-18,93,302,15,200033,Serena,Williams,R,1981-09-26,USA
2006-09-25,88,301,15,200033,Serena,Williams,R,1981-09-26,USA
2006-10-02,87,301,15,200033,Serena,Williams,R,1981-09-26,USA
2006-10-09,90,301,15,200033,Serena,Williams,R,1981-09-26,USA
2006-10-16,95,301,15,200033,Serena,Williams,R,1981-09-26,USA
2006-10-23,97,301,15,200033,Serena,Williams,R,1981-09-26,USA
2006-10-30,95,301,15,200033,Serena,Williams,R,1981-09-26,USA
2006-11-06,95,301,15,200033,Serena,Williams,R,1981-09-26,USA
2006-11-13,95,301,15,200033,Serena,Williams,R,1981-09-26,USA
2006-11-20,93,301,15,200033,Serena,Williams,R,1981-09-26,USA
2006-11-27,93,301,15,200033,Serena,Williams,R,1981-09-26,USA
2006-12-04,95,301,15,200033,Serena,Williams,R,1981-09-26,USA
2006-12-11,95,301,15,200033,Serena,Williams,R,1981-09-26,USA
2006-12-18,95,301,15,200033,Serena,Williams,R,1981-09-26,USA
2006-12-25,95,301,15,200033,Serena,Williams,R,1981-09-26,USA
2007-01-01,95,301,15,200033,Serena,Williams,R,1981-09-26,USA
2007-01-08,94,301,15,200033,Serena,Williams,R,1981-09-26,USA
2007-01-15,81,331,15,200033,Serena,Williams,R,1981-09-26,USA
2007-01-22,81,331,15,200033,Serena,Williams,R,1981-09-26,USA
2007-01-29,14,1269,15,200033,Serena,Williams,R,1981-09-26,USA
2007-02-05,15,1269,15,200033,Serena,Williams,R,1981-09-26,USA
2007-02-12,15,1269,15,200033,Serena,Williams,R,1981-09-26,USA
2007-02-19,15,1269,15,200033,Serena,Williams,R,1981-09-26,USA
2007-02-26,15,1269,15,200033,Serena,Williams,R,1981-09-26,USA
2007-03-05,15,1269,15,200033,Serena,Williams,R,1981-09-26,USA
2007-03-12,15,1269,15,200033,Serena,Williams,R,1981-09-26,USA
2007-03-19,18,1269,15,200033,Serena,Williams,R,1981-09-26,USA
2007-03-26,18,1269,15,200033,Serena,Williams,R,1981-09-26,USA
2007-04-02,11,1769,15,200033,Serena,Williams,R,1981-09-26,USA
2007-04-09,11,1769,15,200033,Serena,Williams,R,1981-09-26,USA
2007-04-16,12,1770,15,200033,Serena,Williams,R,1981-09-26,USA
2007-04-23,12,1770,15,200033,Serena,Williams,R,1981-09-26,USA
2007-04-30,12,1770,15,200033,Serena,Williams,R,1981-09-26,USA
2007-05-07,12,1770,15,200033,Serena,Williams,R,1981-09-26,USA
2007-05-14,11,1770,15,200033,Serena,Williams,R,1981-09-26,USA
2007-05-21,9,1880,15,200033,Serena,Williams,R,1981-09-26,USA
2007-05-28,8,1880,15,200033,Serena,Williams,R,1981-09-26,USA
2007-06-04,8,1880,15,200033,Serena,Williams,R,1981-09-26,USA
2007-06-11,7,2130,15,200033,Serena,Williams,R,1981-09-26,USA
2007-06-18,7,2130,15,200033,Serena,Williams,R,1981-09-26,USA
2007-06-25,8,2130,15,200033,Serena,Williams,R,1981-09-26,USA
2007-07-02,8,2130,15,200033,Serena,Williams,R,1981-09-26,USA
2007-07-09,7,2380,15,200033,Serena,Williams,R,1981-09-26,USA
2007-07-16,7,2380,15,200033,Serena,Williams,R,1981-09-26,USA
2007-07-23,8,2325,15,200033,Serena,Williams,R,1981-09-26,USA
2007-07-30,8,2325,15,200033,Serena,Williams,R,1981-09-26,USA
2007-08-06,8,2325,15,200033,Serena,Williams,R,1981-09-26,USA
2007-08-13,8,2237,15,200033,Serena,Williams,R,1981-09-26,USA
2007-08-20,9,2237,15,200033,Serena,Williams,R,1981-09-26,USA
2007-08-27,9,2237,15,200033,Serena,Williams,R,1981-09-26,USA
2007-09-03,9,2237,15,200033,Serena,Williams,R,1981-09-26,USA
2007-09-10,7,2391,15,200033,Serena,Williams,R,1981-09-26,USA
2007-09-17,7,2391,15,200033,Serena,Williams,R,1981-09-26,USA
2007-09-24,7,2391,15,200033,Serena,Williams,R,1981-09-26,USA
2007-10-01,7,2391,15,200033,Serena,Williams,R,1981-09-26,USA
2007-10-08,7,2466,15,200033,Serena,Williams,R,1981-09-26,USA
2007-10-15,6,2766,15,200033,Serena,Williams,R,1981-09-26,USA
2007-10-22,6,2767,15,200033,Serena,Williams,R,1981-09-26,USA
2007-10-29,5,2767,15,200033,Serena,Williams,R,1981-09-26,USA
2007-11-05,5,2767,15,200033,Serena,Williams,R,1981-09-26,USA
2007-11-12,7,2802,15,200033,Serena,Williams,R,1981-09-26,USA
2007-11-19,7,2802,15,200033,Serena,Williams,R,1981-09-26,USA
2007-11-26,7,2802,15,200033,Serena,Williams,R,1981-09-26,USA
2007-12-03,7,2802,15,200033,Serena,Williams,R,1981-09-26,USA
2007-12-10,7,2802,15,200033,Serena,Williams,R,1981-09-26,USA
2007-12-17,7,2802,15,200033,Serena,Williams,R,1981-09-26,USA
2007-12-24,7,2802,15,200033,Serena,Williams,R,1981-09-26,USA
2007-12-31,7,2802,15,200033,Serena,Williams,R,1981-09-26,USA
2008-01-01,7,2802,15,200033,Serena,Williams,R,1981-09-26,USA
2008-01-07,7,2802,15,200033,Serena,Williams,R,1981-09-26,USA
2008-01-14,7,2772,15,200033,Serena,Williams,R,1981-09-26,USA
2008-01-21,7,2772,15,200033,Serena,Williams,R,1981-09-26,USA
2008-01-28,10,2022,15,200033,Serena,Williams,R,1981-09-26,USA
2008-02-04,10,2022,15,200033,Serena,Williams,R,1981-09-26,USA
2008-02-11,10,2022,15,200033,Serena,Williams,R,1981-09-26,USA
2008-02-18,10,2022,15,200033,Serena,Williams,R,1981-09-26,USA
2008-02-25,10,2022,15,200033,Serena,Williams,R,1981-09-26,USA
2008-03-03,11,2022,15,200033,Serena,Williams,R,1981-09-26,USA
2008-03-10,9,2297,15,200033,Serena,Williams,R,1981-09-26,USA
2008-03-17,9,2297,15,200033,Serena,Williams,R,1981-09-26,USA
2008-03-24,8,2297,15,200033,Serena,Williams,R,1981-09-26,USA
2008-03-31,8,2297,15,200033,Serena,Williams,R,1981-09-26,USA
2008-04-07,9,2297,15,200033,Serena,Williams,R,1981-09-26,USA
2008-04-14,9,2296,15,200033,Serena,Williams,R,1981-09-26,USA
2008-04-21,6,2726,15,200033,Serena,Williams,R,1981-09-26,USA
2008-04-28,6,2726,15,200033,Serena,Williams,R,1981-09-26,USA
2008-05-05,6,2726,15,200033,Serena,Williams,R,1981-09-26,USA
2008-05-12,6,2836,15,200033,Serena,Williams,R,1981-09-26,USA
2008-05-19,5,2836,15,200033,Serena,Williams,R,1981-09-26,USA
2008-05-26,5,2836,15,200033,Serena,Williams,R,1981-09-26,USA
2008-06-02,5,2836,15,200033,Serena,Williams,R,1981-09-26,USA
2008-06-09,6,2676,15,200033,Serena,Williams,R,1981-09-26,USA
2008-06-16,6,2676,15,200033,Serena,Williams,R,1981-09-26,USA
2008-06-23,6,2676,15,200033,Serena,Williams,R,1981-09-26,USA
2008-06-30,6,2676,15,200033,Serena,Williams,R,1981-09-26,USA
2008-07-07,5,3126,15,200033,Serena,Williams,R,1981-09-26,USA
2008-07-14,5,3126,15,200033,Serena,Williams,R,1981-09-26,USA
2008-07-21,5,3251,15,200033,Serena,Williams,R,1981-09-26,USA
2008-07-28,5,3251,15,200033,Serena,Williams,R,1981-09-26,USA
2008-08-04,5,3251,15,200033,Serena,Williams,R,1981-09-26,USA
2008-08-11,4,3251,15,200033,Serena,Williams,R,1981-09-26,USA
2008-08-18,4,3341,15,200033,Serena,Williams,R,1981-09-26,USA
2008-08-25,3,3341,15,200033,Serena,Williams,R,1981-09-26,USA
2008-09-01,3,3341,15,200033,Serena,Williams,R,1981-09-26,USA
2008-09-08,1,4091,15,200033,Serena,Williams,R,1981-09-26,USA
2008-09-15,1,4091,15,200033,Serena,Williams,R,1981-09-26,USA
2008-09-22,1,4091,15,200033,Serena,Williams,R,1981-09-26,USA
2008-09-29,1,4091,15,200033,Serena,Williams,R,1981-09-26,USA
2008-10-06,2,4017,15,200033,Serena,Williams,R,1981-09-26,USA
2008-10-13,3,3717,15,200033,Serena,Williams,R,1981-09-26,USA
2008-10-20,3,3716,15,200033,Serena,Williams,R,1981-09-26,USA
2008-10-27,3,3716,15,200033,Serena,Williams,R,1981-09-26,USA
2008-11-03,3,3716,15,200033,Serena,Williams,R,1981-09-26,USA
2008-11-10,2,3866,15,200033,Serena,Williams,R,1981-09-26,USA
2008-11-17,2,3866,15,200033,Serena,Williams,R,1981-09-26,USA
2008-11-24,2,3866,15,200033,Serena,Williams,R,1981-09-26,USA
2008-12-01,2,3866,15,200033,Serena,Williams,R,1981-09-26,USA
2008-12-08,2,3866,15,200033,Serena,Williams,R,1981-09-26,USA
2008-12-15,2,3866,15,200033,Serena,Williams,R,1981-09-26,USA
2008-12-22,2,3866,15,200033,Serena,Williams,R,1981-09-26,USA
2008-12-29,2,3866,15,200033,Serena,Williams,R,1981-09-26,USA
2009-01-01,2,3866,15,200033,Serena,Williams,R,1981-09-26,USA
2009-01-05,2,7732,15,200033,Serena,Williams,R,1981-09-26,USA
2009-01-12,2,7732,15,200033,Serena,Williams,R,1981-09-26,USA
2009-01-19,2,7932,15,200033,Serena,Williams,R,1981-09-26,USA
2009-01-26,2,7932,15,200033,Serena,Williams,R,1981-09-26,USA
2009-02-02,1,9432,15,200033,Serena,Williams,R,1981-09-26,USA
2009-02-09,1,9432,15,200033,Serena,Williams,R,1981-09-26,USA
2009-02-16,1,9632,15,200033,Serena,Williams,R,1981-09-26,USA
2009-02-23,1,9982,15,200033,Serena,Williams,R,1981-09-26,USA
2009-03-02,1,9982,15,200033,Serena,Williams,R,1981-09-26,USA
2009-03-09,1,9432,15,200033,Serena,Williams,R,1981-09-26,USA
2009-03-16,1,9432,15,200033,Serena,Williams,R,1981-09-26,USA
2009-03-23,1,9432,15,200033,Serena,Williams,R,1981-09-26,USA
2009-03-30,1,9432,15,200033,Serena,Williams,R,1981-09-26,USA
2009-04-06,1,9132,15,200033,Serena,Williams,R,1981-09-26,USA
2009-04-13,1,9132,15,200033,Serena,Williams,R,1981-09-26,USA
2009-04-20,2,8272,15,200033,Serena,Williams,R,1981-09-26,USA
2009-04-27,2,8272,15,200033,Serena,Williams,R,1981-09-26,USA
2009-05-04,2,8272,15,200033,Serena,Williams,R,1981-09-26,USA
2009-05-11,2,8053,15,200033,Serena,Williams,R,1981-09-26,USA
2009-05-18,2,7838,15,200033,Serena,Williams,R,1981-09-26,USA
2009-05-25,2,7838,15,200033,Serena,Williams,R,1981-09-26,USA
2009-06-01,2,7838,15,200033,Serena,Williams,R,1981-09-26,USA
2009-06-08,2,8158,15,200033,Serena,Williams,R,1981-09-26,USA
2009-06-15,2,8158,15,200033,Serena,Williams,R,1981-09-26,USA
2009-06-22,2,8158,15,200033,Serena,Williams,R,1981-09-26,USA
2009-06-29,2,8158,15,200033,Serena,Williams,R,1981-09-26,USA
2009-07-06,2,8758,15,200033,Serena,Williams,R,1981-09-26,USA
2009-07-13,2,8758,15,200033,Serena,Williams,R,1981-09-26,USA
2009-07-20,2,8509,15,200033,Serena,Williams,R,1981-09-26,USA
2009-07-27,2,8509,15,200033,Serena,Williams,R,1981-09-26,USA
2009-08-03,2,8628,15,200033,Serena,Williams,R,1981-09-26,USA
2009-08-10,2,8628,15,200033,Serena,Williams,R,1981-09-26,USA
2009-08-17,2,8558,15,200033,Serena,Williams,R,1981-09-26,USA
2009-08-24,2,8907,15,200033,Serena,Williams,R,1981-09-26,USA
2009-08-31,2,8907,15,200033,Serena,Williams,R,1981-09-26,USA
2009-09-07,2,8907,15,200033,Serena,Williams,R,1981-09-26,USA
2009-09-14,2,7807,15,200033,Serena,Williams,R,1981-09-26,USA
2009-09-21,2,7807,15,200033,Serena,Williams,R,1981-09-26,USA
2009-09-28,2,7807,15,200033,Serena,Williams,R,1981-09-26,USA
2009-10-05,2,7806,15,200033,Serena,Williams,R,1981-09-26,USA
2009-10-12,1,7945,15,200033,Serena,Williams,R,1981-09-26,USA
2009-10-19,1,7945,15,200033,Serena,Williams,R,1981-09-26,USA
2009-10-26,2,7576,15,200033,Serena,Williams,R,1981-09-26,USA
2009-11-02,1,9075,15,200033,Serena,Williams,R,1981-09-26,USA
2009-11-09,1,9075,15,200033,Serena,Williams,R,1981-09-26,USA
2009-11-16,1,9075,15,200033,Serena,Williams,R,1981-09-26,USA
2009-11-23,1,9075,15,200033,Serena,Williams,R,1981-09-26,USA
2009-11-30,1,9075,15,200033,Serena,Williams,R,1981-09-26,USA
2009-12-07,1,9075,15,200033,Serena,Williams,R,1981-09-26,USA
2009-12-14,1,9075,15,200033,Serena,Williams,R,1981-09-26,USA
2009-12-21,1,9075,15,200033,Serena,Williams,R,1981-09-26,USA
2009-12-28,1,9075,15,200033,Serena,Williams,R,1981-09-26,USA
2010-01-04,1,9075,15,200033,Serena,Williams,R,1981-09-26,USA
2010-01-11,1,9075,15,200033,Serena,Williams,R,1981-09-26,USA
2010-01-18,1,9195,15,200033,Serena,Williams,R,1981-09-26,USA
2010-01-25,1,9195,15,200033,Serena,Williams,R,1981-09-26,USA
2010-02-01,1,9195,15,200033,Serena,Williams,R,1981-09-26,USA
2010-02-08,1,9195,15,200033,Serena,Williams,R,1981-09-26,USA
2010-02-15,1,8995,15,200033,Serena,Williams,R,1981-09-26,USA
2010-02-22,1,8645,15,200033,Serena,Williams,R,1981-09-26,USA
2010-03-01,1,8645,15,200033,Serena,Williams,R,1981-09-26,USA
2010-03-08,1,8645,15,200033,Serena,Williams,R,1981-09-26,USA
2010-03-15,1,8645,15,200033,Serena,Williams,R,1981-09-26,USA
2010-03-22,1,8645,15,200033,Serena,Williams,R,1981-09-26,USA
2010-03-29,1,8645,15,200033,Serena,Williams,R,1981-09-26,USA
2010-04-05,1,7946,15,200033,Serena,Williams,R,1981-09-26,USA
2010-04-12,1,7946,15,200033,Serena,Williams,R,1981-09-26,USA
2010-04-19,1,7946,15,200033,Serena,Williams,R,1981-09-26,USA
2010-04-26,1,7946,15,200033,Serena,Williams,R,1981-09-26,USA
2010-05-03,1,7946,15,200033,Serena,Williams,R,1981-09-26,USA
2010-05-10,1,8340,15,200033,Serena,Williams,R,1981-09-26,USA
2010-05-17,1,8475,15,200033,Serena,Williams,R,1981-09-26,USA
2010-05-24,1,8475,15,200033,Serena,Williams,R,1981-09-26,USA
2010-05-31,1,8475,15,200033,Serena,Williams,R,1981-09-26,USA
2010-06-07,1,8475,15,200033,Serena,Williams,R,1981-09-26,USA
2010-06-14,1,8475,15,200033,Serena,Williams,R,1981-09-26,USA
2010-06-21,1,8475,15,200033,Serena,Williams,R,1981-09-26,USA
2010-06-28,1,8475,15,200033,Serena,Williams,R,1981-09-26,USA
2010-07-05,1,8475,15,200033,Serena,Williams,R,1981-09-26,USA
2010-07-12,1,8475,15,200033,Serena,Williams,R,1981-09-26,USA
2010-07-19,1,8475,15,200033,Serena,Williams,R,1981-09-26,USA
2010-07-26,1,8475,15,200033,Serena,Williams,R,1981-09-26,USA
2010-08-02,1,8355,15,200033,Serena,Williams,R,1981-09-26,USA
2010-08-09,1,8355,15,200033,Serena,Williams,R,1981-09-26,USA
2010-08-16,1,8245,15,200033,Serena,Williams,R,1981-09-26,USA
2010-08-23,1,7895,15,200033,Serena,Williams,R,1981-09-26,USA
2010-08-30,1,7895,15,200033,Serena,Williams,R,1981-09-26,USA
2010-09-06,1,7895,15,200033,Serena,Williams,R,1981-09-26,USA
2010-09-13,1,6995,15,200033,Serena,Williams,R,1981-09-26,USA
2010-09-20,1,6995,15,200033,Serena,Williams,R,1981-09-26,USA
2010-09-27,1,6995,15,200033,Serena,Williams,R,1981-09-26,USA
2010-10-04,1,6995,15,200033,Serena,Williams,R,1981-09-26,USA
2010-10-11,2,6855,15,200033,Serena,Williams,R,1981-09-26,USA
2010-10-18,2,6855,15,200033,Serena,Williams,R,1981-09-26,USA
2010-10-25,3,5355,15,200033,Serena,Williams,R,1981-09-26,USA
2010-11-01,4,5355,15,200033,Serena,Williams,R,1981-09-26,USA
2010-11-08,4,5355,15,200033,Serena,Williams,R,1981-09-26,USA
2010-11-15,4,5355,15,200033,Serena,Williams,R,1981-09-26,USA
2010-11-22,4,5355,15,200033,Serena,Williams,R,1981-09-26,USA
2010-11-29,4,5355,15,200033,Serena,Williams,R,1981-09-26,USA
2010-12-06,4,5355,15,200033,Serena,Williams,R,1981-09-26,USA
2010-12-13,4,5355,15,200033,Serena,Williams,R,1981-09-26,USA
2010-12-20,4,5355,15,200033,Serena,Williams,R,1981-09-26,USA
2010-12-27,4,5355,15,200033,Serena,Williams,R,1981-09-26,USA
2011-01-01,4,5355,15,200033,Serena,Williams,R,1981-09-26,USA
2011-01-03,4,5355,15,200033,Serena,Williams,R,1981-09-26,USA
2011-01-10,4,5355,15,200033,Serena,Williams,R,1981-09-26,USA
2011-01-17,4,5035,15,200033,Serena,Williams,R,1981-09-26,USA
2011-01-24,4,5035,15,200033,Serena,Williams,R,1981-09-26,USA
2011-01-31,12,3035,15,200033,Serena,Williams,R,1981-09-26,USA
2011-02-07,12,3035,15,200033,Serena,Williams,R,1981-09-26,USA
2011-02-14,12,3035,15,200033,Serena,Williams,R,1981-09-26,USA
2011-02-21,11,3035,15,200033,Serena,Williams,R,1981-09-26,USA
2011-02-28,11,3035,15,200033,Serena,Williams,R,1981-09-26,USA
2011-03-07,11,3035,15,200033,Serena,Williams,R,1981-09-26,USA
2011-03-14,11,3035,15,200033,Serena,Williams,R,1981-09-26,USA
2011-03-21,12,3035,15,200033,Serena,Williams,R,1981-09-26,USA
2011-03-28,12,3035,15,200033,Serena,Williams,R,1981-09-26,USA
2011-04-04,10,3035,15,200033,Serena,Williams,R,1981-09-26,USA
2011-04-11,10,3035,15,200033,Serena,Williams,R,1981-09-26,USA
2011-04-18,10,3035,15,200033,Serena,Williams,R,1981-09-26,USA
2011-04-25,10,3035,15,200033,Serena,Williams,R,1981-09-26,USA
2011-05-02,10,3035,15,200033,Serena,Williams,R,1981-09-26,USA
2011-05-09,17,2640,15,200033,Serena,Williams,R,1981-09-26,USA
2011-05-16,17,2500,15,200033,Serena,Williams,R,1981-09-26,USA
2011-05-23,17,2500,15,200033,Serena,Williams,R,1981-09-26,USA
2011-05-30,17,2500,15,200033,Serena,Williams,R,1981-09-26,USA
2011-06-06,25,2000,15,200033,Serena,Williams,R,1981-09-26,USA
2011-06-13,26,2000,15,200033,Serena,Williams,R,1981-09-26,USA
2011-06-20,25,2060,15,200033,Serena,Williams,R,1981-09-26,USA
2011-06-27,25,2060,15,200033,Serena,Williams,R,1981-09-26,USA
2011-07-04,175,340,15,200033,Serena,Williams,R,1981-09-26,USA
2011-07-11,172,340,15,200033,Serena,Williams,R,1981-09-26,USA
2011-07-18,172,340,15,200033,Serena,Williams,R,1981-09-26,USA
2011-07-25,169,340,15,200033,Serena,Williams,R,1981-09-26,USA
2011-08-01,79,810,15,200033,Serena,Williams,R,1981-09-26,USA
2011-08-08,80,810,15,200033,Serena,Williams,R,1981-09-26,USA
2011-08-15,31,1710,15,200033,Serena,Williams,R,1981-09-26,USA
2011-08-22,29,1780,15,200033,Serena,Williams,R,1981-09-26,USA
2011-08-29,27,1780,15,200033,Serena,Williams,R,1981-09-26,USA
2011-09-05,27,1780,15,200033,Serena,Williams,R,1981-09-26,USA
2011-09-12,14,3180,15,200033,Serena,Williams,R,1981-09-26,USA
2011-09-19,14,3180,15,200033,Serena,Williams,R,1981-09-26,USA
2011-09-26,14,3180,15,200033,Serena,Williams,R,1981-09-26,USA
2011-10-03,14,3180,15,200033,Serena,Williams,R,1981-09-26,USA
2011-10-10,14,3180,15,200033,Serena,Williams,R,1981-09-26,USA
2011-10-17,14,3180,15,200033,Serena,Williams,R,1981-09-26,USA
2011-10-24,12,3180,15,200033,Serena,Williams,R,1981-09-26,USA
2011-10-31,12,3180,15,200033,Serena,Williams,R,1981-09-26,USA
2011-11-07,12,3180,15,200033,Serena,Williams,R,1981-09-26,USA
2011-11-14,12,3180,15,200033,Serena,Williams,R,1981-09-26,USA
2011-11-21,12,3180,15,200033,Serena,Williams,R,1981-09-26,USA
2011-11-28,12,3180,15,200033,Serena,Williams,R,1981-09-26,USA
2011-12-05,12,3180,15,200033,Serena,Williams,R,1981-09-26,USA
2011-12-12,12,3180,15,200033,Serena,Williams,R,1981-09-26,USA
2011-12-19,12,3180,15,200033,Serena,Williams,R,1981-09-26,USA
2011-12-26,12,3180,15,200033,Serena,Williams,R,1981-09-26,USA
2012-01-01,12,3180,15,200033,Serena,Williams,R,1981-09-26,USA
2012-01-02,12,3180,15,200033,Serena,Williams,R,1981-09-26,USA
2012-01-09,13,3300,15,200033,Serena,Williams,R,1981-09-26,USA
2012-01-16,12,3300,15,200033,Serena,Williams,R,1981-09-26,USA
2012-01-23,12,3300,15,200033,Serena,Williams,R,1981-09-26,USA
2012-01-30,12,3580,15,200033,Serena,Williams,R,1981-09-26,USA
2012-02-06,12,3580,15,200033,Serena,Williams,R,1981-09-26,USA
2012-02-13,12,3580,15,200033,Serena,Williams,R,1981-09-26,USA
2012-02-20,11,3580,15,200033,Serena,Williams,R,1981-09-26,USA
2012-02-27,11,3580,15,200033,Serena,Williams,R,1981-09-26,USA
2012-03-05,11,3580,15,200033,Serena,Williams,R,1981-09-26,USA
2012-03-12,11,3580,15,200033,Serena,Williams,R,1981-09-26,USA
2012-03-19,11,3580,15,200033,Serena,Williams,R,1981-09-26,USA
2012-03-26,11,3580,15,200033,Serena,Williams,R,1981-09-26,USA
2012-04-02,10,3830,15,200033,Serena,Williams,R,1981-09-26,USA
2012-04-09,9,4300,15,200033,Serena,Williams,R,1981-09-26,USA
2012-04-16,9,4300,15,200033,Serena,Williams,R,1981-09-26,USA
2012-04-23,9,4300,15,200033,Serena,Williams,R,1981-09-26,USA
2012-04-30,9,4300,15,200033,Serena,Williams,R,1981-09-26,USA
2012-05-07,9,4300,15,200033,Serena,Williams,R,1981-09-26,USA
2012-05-14,6,5300,15,200033,Serena,Williams,R,1981-09-26,USA
2012-05-21,5,5695,15,200033,Serena,Williams,R,1981-09-26,USA
2012-05-28,5,5695,15,200033,Serena,Williams,R,1981-09-26,USA
2012-06-04,5,5695,15,200033,Serena,Williams,R,1981-09-26,USA
2012-06-11,6,5700,15,200033,Serena,Williams,R,1981-09-26,USA
2012-06-18,6,5640,15,200033,Serena,Williams,R,1981-09-26,USA
2012-06-25,6,5640,15,200033,Serena,Williams,R,1981-09-26,USA
2012-07-02,6,5640,15,200033,Serena,Williams,R,1981-09-26,USA
2012-07-09,4,7360,15,200033,Serena,Williams,R,1981-09-26,USA
2012-07-16,4,7830,15,200033,Serena,Williams,R,1981-09-26,USA
2012-07-23,4,7830,15,200033,Serena,Williams,R,1981-09-26,USA
2012-07-30,4,7360,15,200033,Serena,Williams,R,1981-09-26,USA
2012-08-06,4,8045,15,200033,Serena,Williams,R,1981-09-26,USA
2012-08-13,4,7145,15,200033,Serena,Williams,R,1981-09-26,USA
2012-08-20,4,7300,15,200033,Serena,Williams,R,1981-09-26,USA
2012-08-27,4,7300,15,200033,Serena,Williams,R,1981-09-26,USA
2012-09-03,4,7300,15,200033,Serena,Williams,R,1981-09-26,USA
2012-09-10,4,7900,15,200033,Serena,Williams,R,1981-09-26,USA
2012-09-17,4,7900,15,200033,Serena,Williams,R,1981-09-26,USA
2012-09-24,4,7900,15,200033,Serena,Williams,R,1981-09-26,USA
2012-10-01,4,7900,15,200033,Serena,Williams,R,1981-09-26,USA
2012-10-08,3,7900,15,200033,Serena,Williams,R,1981-09-26,USA
2012-10-15,3,7900,15,200033,Serena,Williams,R,1981-09-26,USA
2012-10-22,3,7900,15,200033,Serena,Williams,R,1981-09-26,USA
2012-10-29,3,9400,15,200033,Serena,Williams,R,1981-09-26,USA
2012-11-05,3,9400,15,200033,Serena,Williams,R,1981-09-26,USA
2012-11-12,3,9400,15,200033,Serena,Williams,R,1981-09-26,USA
2012-11-19,3,9400,15,200033,Serena,Williams,R,1981-09-26,USA
2012-11-26,3,9400,15,200033,Serena,Williams,R,1981-09-26,USA
2012-12-03,3,9400,15,200033,Serena,Williams,R,1981-09-26,USA
2012-12-10,3,9400,15,200033,Serena,Williams,R,1981-09-26,USA
2012-12-17,3,9400,15,200033,Serena,Williams,R,1981-09-26,USA
2012-12-24,3,9400,15,200033,Serena,Williams,R,1981-09-26,USA
2012-12-31,3,9400,17,200033,Serena,Williams,R,1981-09-26,USA
2013-01-01,3,9400,15,200033,Serena,Williams,R,1981-09-26,USA
2013-01-07,3,9750,17,200033,Serena,Williams,R,1981-09-26,USA
2013-01-14,3,9750,15,200033,Serena,Williams,R,1981-09-26,USA
2013-01-21,3,9750,15,200033,Serena,Williams,R,1981-09-26,USA
2013-01-28,2,9970,15,200033,Serena,Williams,R,1981-09-26,USA
2013-02-04,2,9970,16,200033,Serena,Williams,R,1981-09-26,USA
2013-02-11,2,9970,16,200033,Serena,Williams,R,1981-09-26,USA
2013-02-18,1,10590,16,200033,Serena,Williams,R,1981-09-26,USA
2013-02-25,1,10365,17,200033,Serena,Williams,R,1981-09-26,USA
2013-03-04,1,10365,17,200033,Serena,Williams,R,1981-09-26,USA
2013-03-11,1,10365,17,200033,Serena,Williams,R,1981-09-26,USA
2013-03-18,1,10365,17,200033,Serena,Williams,R,1981-09-26,USA
2013-04-01,1,11115,17,200033,Serena,Williams,R,1981-09-26,USA
2013-04-08,1,11115,17,200033,Serena,Williams,R,1981-09-26,USA
2013-04-15,1,11115,17,200033,Serena,Williams,R,1981-09-26,USA
2013-04-22,1,11115,17,200033,Serena,Williams,R,1981-09-26,USA
2013-04-29,1,11115,17,200033,Serena,Williams,R,1981-09-26,USA
2013-05-06,1,11115,17,200033,Serena,Williams,R,1981-09-26,USA
2013-05-13,1,11115,17,200033,Serena,Williams,R,1981-09-26,USA
2013-05-20,1,11620,17,200033,Serena,Williams,R,1981-09-26,USA
2013-05-27,1,11620,17,200033,Serena,Williams,R,1981-09-26,USA
2013-06-03,1,11620,17,200033,Serena,Williams,R,1981-09-26,USA
2013-06-10,1,13615,17,200033,Serena,Williams,R,1981-09-26,USA
2013-06-17,1,13615,17,200033,Serena,Williams,R,1981-09-26,USA
2013-06-24,1,13615,17,200033,Serena,Williams,R,1981-09-26,USA
2013-07-08,1,11895,17,200033,Serena,Williams,R,1981-09-26,USA
2013-07-15,1,11650,16,200033,Serena,Williams,R,1981-09-26,USA
2013-07-22,1,11705,17,200033,Serena,Williams,R,1981-09-26,USA
2013-07-29,1,11705,17,200033,Serena,Williams,R,1981-09-26,USA
2013-08-05,1,11245,16,200033,Serena,Williams,R,1981-09-26,USA
2013-08-12,1,11920,17,200033,Serena,Williams,R,1981-09-26,USA
2013-08-19,1,12260,17,200033,Serena,Williams,R,1981-09-26,USA
2013-08-26,1,12260,17,200033,Serena,Williams,R,1981-09-26,USA
2013-09-02,1,12260,17,200033,Serena,Williams,R,1981-09-26,USA
2013-09-09,1,12260,17,200033,Serena,Williams,R,1981-09-26,USA
2013-09-16,1,12260,17,200033,Serena,Williams,R,1981-09-26,USA
2013-09-23,1,12260,17,200033,Serena,Williams,R,1981-09-26,USA
2013-09-30,1,12260,17,200033,Serena,Williams,R,1981-09-26,USA
2013-10-07,1,13260,17,200033,Serena,Williams,R,1981-09-26,USA
2013-10-14,1,13260,16,200033,Serena,Williams,R,1981-09-26,USA
2013-10-21,1,12040,17,200033,Serena,Williams,R,1981-09-26,USA
2013-10-28,1,13260,17,200033,Serena,Williams,R,1981-09-26,USA
2013-11-04,1,13260,17,200033,Serena,Williams,R,1981-09-26,USA
2013-11-11,1,13260,17,200033,Serena,Williams,R,1981-09-26,USA
2013-11-18,1,13260,17,200033,Serena,Williams,R,1981-09-26,USA
2013-11-25,1,13260,17,200033,Serena,Williams,R,1981-09-26,USA
2013-12-02,1,13260,17,200033,Serena,Williams,R,1981-09-26,USA
2013-12-09,1,13260,17,200033,Serena,Williams,R,1981-09-26,USA
2013-12-16,1,13260,17,200033,Serena,Williams,R,1981-09-26,USA
2013-12-23,1,13260,17,200033,Serena,Williams,R,1981-09-26,USA
2013-12-30,1,13260,17,200033,Serena,Williams,R,1981-09-26,USA
2014-01-06,1,13260,17,200033,Serena,Williams,R,1981-09-26,USA
2014-01-13,1,13260,17,200033,Serena,Williams,R,1981-09-26,USA
2014-01-20,1,13260,17,200033,Serena,Williams,R,1981-09-26,USA
2014-01-27,1,13000,17,200033,Serena,Williams,R,1981-09-26,USA
2014-02-03,1,13000,17,200033,Serena,Williams,R,1981-09-26,USA
2014-02-10,1,13000,17,200033,Serena,Williams,R,1981-09-26,USA
2014-02-17,1,12380,17,200033,Serena,Williams,R,1981-09-26,USA
2014-02-24,1,12660,17,200033,Serena,Williams,R,1981-09-26,USA
2014-03-03,1,12660,,200033,Serena,Williams,R,1981-09-26,USA
2014-03-10,1,12660,,200033,Serena,Williams,R,1981-09-26,USA
2014-03-17,1,12660,,200033,Serena,Williams,R,1981-09-26,USA
2014-03-24,1,12660,,200033,Serena,Williams,R,1981-09-26,USA
2014-03-31,1,12660,,200033,Serena,Williams,R,1981-09-26,USA
2014-04-07,1,12375,,200033,Serena,Williams,R,1981-09-26,USA
2014-04-14,1,12375,,200033,Serena,Williams,R,1981-09-26,USA
2014-04-21,1,12375,,200033,Serena,Williams,R,1981-09-26,USA
2014-04-28,1,12375,,200033,Serena,Williams,R,1981-09-26,USA
2014-05-05,1,12375,,200033,Serena,Williams,R,1981-09-26,USA
2014-05-12,1,11590,,200033,Serena,Williams,R,1981-09-26,USA
2014-05-19,1,11590,,200033,Serena,Williams,R,1981-09-26,USA
2014-05-26,1,11590,,200033,Serena,Williams,R,1981-09-26,USA
2014-06-02,1,11590,,200033,Serena,Williams,R,1981-09-26,USA
2014-06-09,1,9660,,200033,Serena,Williams,R,1981-09-26,USA
2014-06-16,1,9660,,200033,Serena,Williams,R,1981-09-26,USA
2014-06-23,1,9660,,200033,Serena,Williams,R,1981-09-26,USA
2014-06-30,1,9660,,200033,Serena,Williams,R,1981-09-26,USA
2014-07-07,1,9510,,200033,Serena,Williams,R,1981-09-26,USA
2014-07-14,1,9510,,200033,Serena,Williams,R,1981-09-26,USA
2014-07-21,1,9231,,200033,Serena,Williams,R,1981-09-26,USA
2014-07-28,1,9231,,200033,Serena,Williams,R,1981-09-26,USA
2014-08-04,1,9700,,200033,Serena,Williams,R,1981-09-26,USA
2014-08-11,1,9150,,200033,Serena,Williams,R,1981-09-26,USA
2014-08-18,1,9430,,200033,Serena,Williams,R,1981-09-26,USA
2014-08-25,1,9430,,200033,Serena,Williams,R,1981-09-26,USA
2014-09-01,1,9430,,200033,Serena,Williams,R,1981-09-26,USA
2014-09-08,1,9430,,200033,Serena,Williams,R,1981-09-26,USA
2014-09-15,1,9430,,200033,Serena,Williams,R,1981-09-26,USA
2014-09-22,1,9430,,200033,Serena,Williams,R,1981-09-26,USA
2014-09-29,1,9430,,200033,Serena,Williams,R,1981-09-26,USA
2014-10-06,1,8645,,200033,Serena,Williams,R,1981-09-26,USA
2014-10-13,1,8645,,200033,Serena,Williams,R,1981-09-26,USA
2014-10-20,1,7146,,200033,Serena,Williams,R,1981-09-26,USA
2014-10-27,1,8485,,200033,Serena,Williams,R,1981-09-26,USA
2014-11-03,1,8485,,200033,Serena,Williams,R,1981-09-26,USA
2014-11-10,1,8485,,200033,Serena,Williams,R,1981-09-26,USA
2014-11-17,1,8485,,200033,Serena,Williams,R,1981-09-26,USA
2014-11-24,1,8485,,200033,Serena,Williams,R,1981-09-26,USA
2014-12-01,1,8485,,200033,Serena,Williams,R,1981-09-26,USA
2014-12-08,1,8485,,200033,Serena,Williams,R,1981-09-26,USA
2014-12-15,1,8485,,200033,Serena,Williams,R,1981-09-26,USA
2014-12-22,1,8485,,200033,Serena,Williams,R,1981-09-26,USA
2014-12-29,1,8485,,200033,Serena,Williams,R,1981-09-26,USA
2015-01-05,1,8016,,200033,Serena,Williams,R,1981-09-26,USA
2015-01-12,1,8016,,200033,Serena,Williams,R,1981-09-26,USA
2015-01-19,1,8016,,200033,Serena,Williams,R,1981-09-26,USA
2015-01-26,1,8016,,200033,Serena,Williams,R,1981-09-26,USA
2015-02-02,1,9776,,200033,Serena,Williams,R,1981-09-26,USA
2015-02-09,1,9776,,200033,Serena,Williams,R,1981-09-26,USA
2015-02-16,1,9777,,200033,Serena,Williams,R,1981-09-26,USA
2015-02-23,1,9592,,200033,Serena,Williams,R,1981-09-26,USA
2015-03-02,1,9592,16,200033,Serena,Williams,R,1981-09-26,USA
2015-03-09,1,9592,,200033,Serena,Williams,R,1981-09-26,USA
2015-03-16,1,9592,,200033,Serena,Williams,R,1981-09-26,USA
2015-03-23,1,9982,,200033,Serena,Williams,R,1981-09-26,USA
2015-03-30,1,9982,,200033,Serena,Williams,R,1981-09-26,USA
2015-04-06,1,9981,15,200033,Serena,Williams,R,1981-09-26,USA
2015-04-13,1,9981,15,200033,Serena,Williams,R,1981-09-26,USA
2015-04-20,1,9981,15,200033,Serena,Williams,R,1981-09-26,USA
2015-04-27,1,9981,15,200033,Serena,Williams,R,1981-09-26,USA
2015-05-04,1,9981,,200033,Serena,Williams,R,1981-09-26,USA
2015-05-11,1,10156,15,200033,Serena,Williams,R,1981-09-26,USA
2015-05-18,1,9361,15,200033,Serena,Williams,R,1981-09-26,USA
2015-05-25,1,9361,15,200033,Serena,Williams,R,1981-09-26,USA
2015-06-01,1,9361,,200033,Serena,Williams,R,1981-09-26,USA
2015-06-08,1,11291,15,200033,Serena,Williams,R,1981-09-26,USA
2015-06-15,1,11291,,200033,Serena,Williams,R,1981-09-26,USA
2015-06-22,1,11291,15,200033,Serena,Williams,R,1981-09-26,USA
2015-06-29,1,11291,,200033,Serena,Williams,R,1981-09-26,USA
2015-07-06,1,11291,,200033,Serena,Williams,R,1981-09-26,USA
2015-07-13,1,13161,,200033,Serena,Williams,R,1981-09-26,USA
2015-07-20,1,13191,,200033,Serena,Williams,R,1981-09-26,USA
2015-07-27,1,13191,,200033,Serena,Williams,R,1981-09-26,USA
2015-08-03,1,12721,15,200033,Serena,Williams,R,1981-09-26,USA
2015-08-10,1,12371,14,200033,Serena,Williams,R,1981-09-26,USA
2015-08-17,1,11821,,200033,Serena,Williams,R,1981-09-26,USA
2015-08-24,1,12721,15,200033,Serena,Williams,R,1981-09-26,USA
2015-08-31,1,12721,15,200033,Serena,Williams,R,1981-09-26,USA
2015-09-07,1,12721,,200033,Serena,Williams,R,1981-09-26,USA
2015-09-14,1,11501,15,200033,Serena,Williams,R,1981-09-26,USA
2015-09-21,1,11501,15,200033,Serena,Williams,R,1981-09-26,USA
2015-09-28,1,11500,,200033,Serena,Williams,R,1981-09-26,USA
2015-10-05,1,11285,14,200033,Serena,Williams,R,1981-09-26,USA
2015-10-12,1,11285,15,200033,Serena,Williams,R,1981-09-26,USA
2015-10-19,1,11285,15,200033,Serena,Williams,R,1981-09-26,USA
2015-10-26,1,9945,,200033,Serena,Williams,R,1981-09-26,USA
2015-11-02,1,9945,16,200033,Serena,Williams,R,1981-09-26,USA
2015-11-09,1,9945,,200033,Serena,Williams,R,1981-09-26,USA
2015-11-16,1,9945,,200033,Serena,Williams,R,1981-09-26,USA
2015-11-23,1,9945,,200033,Serena,Williams,R,1981-09-26,USA
2015-11-30,1,9945,,200033,Serena,Williams,R,1981-09-26,USA
2015-12-07,1,9945,,200033,Serena,Williams,R,1981-09-26,USA
2015-12-14,1,9945,,200033,Serena,Williams,R,1981-09-26,USA
2015-12-21,1,9945,,200033,Serena,Williams,R,1981-09-26,USA
2015-12-28,1,9945,,200033,Serena,Williams,R,1981-09-26,USA
2016-01-04,1,9945,,200033,Serena,Williams,R,1981-09-26,USA
2016-01-11,1,9945,16,200033,Serena,Williams,R,1981-09-26,USA
2016-01-18,1,9945,16,200033,Serena,Williams,R,1981-09-26,USA
2016-02-01,1,9245,16,200033,Serena,Williams,R,1981-09-26,USA
2016-02-08,1,9245,16,200033,Serena,Williams,R,1981-09-26,USA
2016-02-15,1,9245,16,200033,Serena,Williams,R,1981-09-26,USA
2016-02-22,1,9245,15,200033,Serena,Williams,R,1981-09-26,USA
2016-02-29,1,9245,16,200033,Serena,Williams,R,1981-09-26,USA
2016-03-07,1,9245,16,200033,Serena,Williams,R,1981-09-26,USA
2016-03-14,1,9245,,200033,Serena,Williams,R,1981-09-26,USA
2016-03-21,1,9505,,200033,Serena,Williams,R,1981-09-26,USA
2016-03-28,1,9505,,200033,Serena,Williams,R,1981-09-26,USA
2016-04-04,1,8625,,200033,Serena,Williams,R,1981-09-26,USA
2016-04-11,1,8625,16,200033,Serena,Williams,R,1981-09-26,USA
2016-04-18,1,8625,16,200033,Serena,Williams,R,1981-09-26,USA
2016-04-25,1,8625,16,200033,Serena,Williams,R,1981-09-26,USA
2016-05-02,1,8625,16,200033,Serena,Williams,R,1981-09-26,USA
2016-05-09,1,8235,16,200033,Serena,Williams,R,1981-09-26,USA
2016-05-16,1,9030,,200033,Serena,Williams,R,1981-09-26,USA
2016-05-23,1,9030,16,200033,Serena,Williams,R,1981-09-26,USA
2016-05-30,1,9030,,200033,Serena,Williams,R,1981-09-26,USA
2016-06-06,1,8330,16,200033,Serena,Williams,R,1981-09-26,USA
2016-06-13,1,8330,,200033,Serena,Williams,R,1981-09-26,USA
2016-06-20,1,8330,16,200033,Serena,Williams,R,1981-09-26,USA
2016-06-27,1,8330,16,200033,Serena,Williams,R,1981-09-26,USA
2016-07-04,1,8330,,200033,Serena,Williams,R,1981-09-26,USA
2016-07-11,1,8330,,200033,Serena,Williams,R,1981-09-26,USA
2016-07-18,1,8300,,200033,Serena,Williams,R,1981-09-26,USA
2016-07-25,1,8300,,200033,Serena,Williams,R,1981-09-26,USA
2016-08-01,1,8300,,200033,Serena,Williams,R,1981-09-26,USA
2016-08-08,1,8300,,200033,Serena,Williams,R,1981-09-26,USA
2016-08-15,1,7950,15,200033,Serena,Williams,R,1981-09-26,USA
2016-08-22,1,7050,,200033,Serena,Williams,R,1981-09-26,USA
2016-08-29,1,7050,,200033,Serena,Williams,R,1981-09-26,USA
2016-09-05,1,7050,,200033,Serena,Williams,R,1981-09-26,USA
2016-09-12,2,7050,,200033,Serena,Williams,R,1981-09-26,USA
2016-09-19,2,7050,14,200033,Serena,Williams,R,1981-09-26,USA
2016-09-26,2,7050,14,200033,Serena,Williams,R,1981-09-26,USA
2016-10-03,2,7050,,200033,Serena,Williams,R,1981-09-26,USA
2016-10-10,2,7050,15,200033,Serena,Williams,R,1981-09-26,USA
2016-10-17,2,7050,,200033,Serena,Williams,R,1981-09-26,USA
2016-10-24,2,7050,,200033,Serena,Williams,R,1981-09-26,USA
2016-10-31,2,7050,14,200033,Serena,Williams,R,1981-09-26,USA
2016-11-07,2,7050,14,200033,Serena,Williams,R,1981-09-26,USA
2016-11-14,2,7050,14,200033,Serena,Williams,R,1981-09-26,USA
2016-11-21,2,7050,14,200033,Serena,Williams,R,1981-09-26,USA
2016-11-28,2,7050,14,200033,Serena,Williams,R,1981-09-26,USA
2016-12-05,2,7050,14,200033,Serena,Williams,R,1981-09-26,USA
2016-12-12,2,7050,14,200033,Serena,Williams,R,1981-09-26,USA
2016-12-19,2,7050,,200033,Serena,Williams,R,1981-09-26,USA
2016-12-26,2,7050,,200033,Serena,Williams,R,1981-09-26,USA
2017-01-02,2,7050,14,200033,Serena,Williams,R,1981-09-26,USA
2017-01-09,2,7080,15,200033,Serena,Williams,R,1981-09-26,USA
2017-01-16,2,7080,15,200033,Serena,Williams,R,1981-09-26,USA
2017-01-23,2,7080,,200033,Serena,Williams,R,1981-09-26,USA
2017-01-30,1,7780,,200033,Serena,Williams,R,1981-09-26,USA
2017-02-06,1,7780,,200033,Serena,Williams,R,1981-09-26,USA
2017-02-13,1,7780,16,200033,Serena,Williams,R,1981-09-26,USA
2017-02-20,1,7780,16,200033,Serena,Williams,R,1981-09-26,USA
2017-02-27,1,7780,,200033,Serena,Williams,R,1981-09-26,USA
2017-03-06,1,7780,15,200033,Serena,Williams,R,1981-09-26,USA
2017-03-13,1,7780,,200033,Serena,Williams,R,1981-09-26,USA
2017-03-20,2,7130,15,200033,Serena,Williams,R,1981-09-26,USA
2017-03-27,2,7130,,200033,Serena,Williams,R,1981-09-26,USA
2017-04-03,2,7010,,200033,Serena,Williams,R,1981-09-26,USA
2017-04-10,2,7010,,200033,Serena,Williams,R,1981-09-26,USA
2017-04-17,2,7010,15,200033,Serena,Williams,R,1981-09-26,USA
2017-04-24,1,7010,15,200033,Serena,Williams,R,1981-09-26,USA
2017-05-01,1,7010,15,200033,Serena,Williams,R,1981-09-26,USA
2017-05-08,1,7010,14,200033,Serena,Williams,R,1981-09-26,USA
2017-05-15,2,6110,14,200033,Serena,Williams,R,1981-09-26,USA
2017-05-22,2,6110,14,200033,Serena,Williams,R,1981-09-26,USA
2017-05-29,2,6110,14,200033,Serena,Williams,R,1981-09-26,USA
2017-06-12,4,4810,14,200033,Serena,Williams,R,1981-09-26,USA
2017-06-19,4,4810,14,200033,Serena,Williams,R,1981-09-26,USA
2017-06-26,4,4810,14,200033,Serena,Williams,R,1981-09-26,USA
2017-07-03,4,4810,14,200033,Serena,Williams,R,1981-09-26,USA
2017-07-17,15,2810,14,200033,Serena,Williams,R,1981-09-26,USA
2017-07-24,15,2810,14,200033,Serena,Williams,R,1981-09-26,USA
2017-07-31,15,2810,13,200033,Serena,Williams,R,1981-09-26,USA
2017-08-07,15,2810,13,200033,Serena,Williams,R,1981-09-26,USA
2017-08-14,15,2810,13,200033,Serena,Williams,R,1981-09-26,USA
2017-08-21,15,2810,13,200033,Serena,Williams,R,1981-09-26,USA
2017-08-28,15,2810,13,200033,Serena,Williams,R,1981-09-26,USA
2017-09-11,22,2030,13,200033,Serena,Williams,R,1981-09-26,USA
2017-09-18,22,2030,13,200033,Serena,Williams,R,1981-09-26,USA
2017-09-25,23,2030,12,200033,Serena,Williams,R,1981-09-26,USA
2017-10-02,24,2030,11,200033,Serena,Williams,R,1981-09-26,USA
2017-10-09,24,2030,11,200033,Serena,Williams,R,1981-09-26,USA
2017-10-16,24,2030,11,200033,Serena,Williams,R,1981-09-26,USA
2017-10-23,21,2030,9,200033,Serena,Williams,R,1981-09-26,USA
2017-10-30,21,2030,9,200033,Serena,Williams,R,1981-09-26,USA
2017-11-06,22,2030,10,200033,Serena,Williams,R,1981-09-26,USA
2017-11-13,22,2030,10,200033,Serena,Williams,R,1981-09-26,USA
2017-11-20,22,2030,10,200033,Serena,Williams,R,1981-09-26,USA
2018-01-01,22,2030,10,200033,Serena,Williams,R,1981-09-26,USA
2018-01-08,23,2000,9,200033,Serena,Williams,R,1981-09-26,USA
2018-01-15,22,2000,9,200033,Serena,Williams,R,1981-09-26,USA
2018-03-19,491,65,,200033,Serena,Williams,R,1981-09-26,USA
2018-04-02,449,65,,200033,Serena,Williams,R,1981-09-26,USA
2018-04-09,449,65,,200033,Serena,Williams,R,1981-09-26,USA
2018-04-16,449,65,,200033,Serena,Williams,R,1981-09-26,USA
2018-04-23,451,65,,200033,Serena,Williams,R,1981-09-26,USA
2018-04-30,449,65,,200033,Serena,Williams,R,1981-09-26,USA
2018-05-07,454,65,,200033,Serena,Williams,R,1981-09-26,USA
2018-05-14,454,65,,200033,Serena,Williams,R,1981-09-26,USA
2018-05-21,453,65,,200033,Serena,Williams,R,1981-09-26,USA
2018-05-28,451,65,,200033,Serena,Williams,R,1981-09-26,USA
2018-06-11,183,65,,200033,Serena,Williams,R,1981-09-26,USA
2018-06-18,183,65,,200033,Serena,Williams,R,1981-09-26,USA
2018-06-25,183,65,,200033,Serena,Williams,R,1981-09-26,USA
2018-07-02,181,65,,200033,Serena,Williams,R,1981-09-26,USA
2018-07-16,28,65,,200033,Serena,Williams,R,1981-09-26,USA
2018-07-23,27,65,,200033,Serena,Williams,R,1981-09-26,USA
2018-07-30,26,65,,200033,Serena,Williams,R,1981-09-26,USA
2018-08-06,26,65,,200033,Serena,Williams,R,1981-09-26,USA
2018-08-13,27,65,,200033,Serena,Williams,R,1981-09-26,USA
2018-08-20,26,65,,200033,Serena,Williams,R,1981-09-26,USA
2018-08-27,26,65,,200033,Serena,Williams,R,1981-09-26,USA
