winner_name,percent_servept_won,percent_breakpt_saved,winner_ioc,Sum_Sum_w_1stWon,Sum_Sum_w_2ndWon,Sum_Sum_w_svpt,Sum_Sum_w_bpSaved,Sum_Sum_w_bpFaced
Betina Jozami,0.6335078534031413,0.8,ARG,76,45,191,20,25
Anda Perianu,0.6200716845878136,0.7647058823529411,ROU,124,49,279,26,34
Yvonne Neuwirth,0.5573770491803278,0.7272727272727273,AUT,17,17,61,8,11
Capucine Rousseau,0.6111111111111112,0.7272727272727273,FRA,33,22,90,8,11
Freya Christie,0.5555555555555556,0.7272727272727273,GBR,25,10,63,8,11
Ayla Aksu,0.5412371134020618,0.7105263157894737,USA,70,35,194,27,38
Ioana Minca,0.47959183673469385,0.7058823529411765,ROU,32,15,98,12,17
Viktoria Kamenskaya,0.49411764705882355,0.7,RUS,31,11,85,14,20
Tatia Mikadze,0.6153846153846154,0.7,GEO,57,15,117,7,10
Frances Altick,0.5081967213114754,0.6923076923076923,USA,30,1,61,9,13
Zsofia Gubacsi,0.48031496062992124,0.6896551724137931,HUN,45,16,127,20,29
Trudi Musgrave,0.552,0.6875,AUS,45,24,125,11,16
Silvia Njiric,0.45454545454545453,0.6875,CRO,19,6,55,11,16
Chanel Simmonds,0.5486111111111112,0.68,RSA,54,25,144,17,25
Claire Feuerstein,0.5765472312703583,0.6688311688311688,FRA,453,255,1228,103,154
An Sophie Mestach,0.565625,0.6666666666666666,BEL,138,43,320,28,42
Maria Kondratieva,0.6082474226804123,0.6666666666666666,RUS,45,14,97,8,12
Yuka Yoshida,0.4307692307692308,0.6666666666666666,JPN,15,13,65,10,15
Anhelina Kalinina,0.611764705882353,0.6666666666666666,UKR,60,44,170,12,18
Leanne Baker,0.5280898876404494,0.6521739130434783,NZL,69,25,178,15,23
Anastasia Potapova,0.4861878453038674,0.6486486486486487,RUS,48,40,181,24,37
Eva Maria Hoch,0.4583333333333333,0.6470588235294118,AUT,19,14,72,11,17
Montserrat Gonzalez,0.5351681957186545,0.6470588235294118,PAR,120,55,327,33,51
Sabine Klaschka,0.5421686746987951,0.6428571428571429,GER,62,28,166,18,28
Lauren Embree,0.43859649122807015,0.6428571428571429,USA,16,9,57,9,14
Harriet Dart,0.5,0.6428571428571429,GBR,17,18,70,9,14
Erika Takao,0.5108695652173914,0.6428571428571429,JPN,32,15,92,9,14
Clarisa Fernandez,0.5334114888628371,0.6384615384615384,ARG,300,155,853,83,130
Samantha Murray,0.5291828793774319,0.6363636363636364,GBR,83,53,257,28,44
Regina Kulikova,0.5529061102831595,0.6340579710144928,RUS,765,348,2013,175,276
Jessica Pegula,0.5639039504260264,0.6303030303030303,USA,464,264,1291,104,165
Serena Williams,0.6457886178861789,0.6267577340297308,USA,13851,6007,30750,1560,2489
Karolina Kosinska,0.4533333333333333,0.625,POL,24,10,75,10,16
Ying Zhang,0.6140350877192983,0.625,CHN,41,29,114,5,8
Valerie Tetreault,0.5446428571428571,0.6222222222222222,CAN,251,115,672,56,90
Jessica Kirkland,0.540952380952381,0.620253164556962,USA,196,88,525,49,79
Natalia Gussoni,0.45893719806763283,0.6190476190476191,ARG,67,28,207,26,42
Mihaela Buzarnescu,0.5784008307372793,0.6181818181818182,ROU,414,143,963,68,110
Jaimee Fourlis,0.5494880546075085,0.6172839506172839,AUS,236,86,586,50,81
Tara Moore,0.5670367207514945,0.6168831168831169,GBR,439,225,1171,95,154
Sandrine Testud,0.4857142857142857,0.6153846153846154,FRA,27,7,70,8,13
Maria Fernanda Alves,0.4805194805194805,0.6153846153846154,BRA,56,18,154,16,26
Chelsey Gullickson,0.40816326530612246,0.6153846153846154,USA,12,8,49,8,13
Sandra Martinovic,0.484375,0.6153846153846154,BIH,23,8,64,8,13
Magui Serna,0.5569837189374465,0.6114649681528662,ESP,413,237,1167,96,157
Lucie Ahl,0.52,0.6111111111111112,GBR,36,16,100,11,18
Fang Ying Xun,0.5583596214511041,0.6111111111111112,CHN,117,60,317,22,36
Barbara Schett,0.5579908675799087,0.6089743589743589,AUT,423,188,1095,95,156
Monika Wejnert,0.4827586206896552,0.6086956521739131,AUS,50,20,145,14,23
Andrea Gamiz,0.5691056910569106,0.6071428571428571,VEN,111,29,246,17,28
Destanee Aiava,0.5747863247863247,0.6037735849056604,AUS,171,98,468,32,53
Ryoko Fuda,0.5711111111111111,0.603448275862069,JPN,185,72,450,35,58
Lucie Safarova,0.605453133538497,0.6018438490348603,CZE,14797,6254,34769,2089,3471
Kim Clijsters,0.6065623346185832,0.6009316770186336,BEL,5682,2341,13227,774,1288
Abigail Spears,0.5401459854014599,0.6007751937984496,USA,683,353,1918,155,258
Kristina Antoniychuk,0.5688622754491018,0.6,UKR,63,32,167,9,15
Brenda Schultz Mccarthy,0.5592515592515592,0.6,NED,187,82,481,36,60
Florencia Molinero,0.5454545454545454,0.6,ARG,45,21,121,9,15
Mirjam Bjorklund,0.4824561403508772,0.6,SWE,35,20,114,12,20
Martina Capurro Taborda,0.5,0.6,ARG,24,14,76,6,10
Zeel Desai,0.4406779661016949,0.6,IND,18,8,59,9,15
Kelly Liggan,0.5079365079365079,0.6,IRL,25,7,63,6,10
Mi Yoo,0.4727272727272727,0.6,KOR,18,8,55,6,10
Samantha Stosur,0.6040798363923477,0.5957724425887265,AUS,16018,7317,38629,2283,3832
Alexandra Stevenson,0.5398388540734109,0.5950920245398773,USA,416,187,1117,97,163
Rebecca Marino,0.5867595818815331,0.5945945945945946,CAN,1088,596,2870,176,296
Karolina Pliskova,0.6129218344389963,0.5938271604938271,CZE,7304,3321,17335,962,1620
Natalia Vikhlyantseva,0.5800614544213042,0.5935483870967742,RUS,1201,498,2929,184,310
Conny Perrin,0.5527426160337553,0.5925925925925926,SUI,282,111,711,48,81
Paola Suarez,0.5631986242476354,0.5923344947735192,ARG,917,393,2326,170,287
Justine Henin,0.6093356318790611,0.5916905444126075,BEL,5745,3445,15082,826,1396
Mary Pierce,0.6299013407538578,0.5909090909090909,FRA,1819,671,3953,208,352
Anne Schaefer,0.48333333333333334,0.5909090909090909,GER,34,24,120,13,22
Patty Schnyder,0.5837869715115224,0.5901505901505901,SUI,8844,4025,22044,1450,2457
Sachie Ishizu,0.5346260387811634,0.5892857142857143,JPN,139,54,361,33,56
Ana Bogdan,0.5649030561945448,0.5885558583106267,ROU,1216,503,3043,216,367
Barbora Krejcikova,0.5470262793914247,0.5882352941176471,CZE,561,230,1446,110,187
Yana Buchina,0.5051546391752577,0.5882352941176471,RUS,34,15,97,10,17
Jaqueline Adina Cristian,0.5769230769230769,0.5882352941176471,ROU,57,33,156,10,17
Johanna Konta,0.6103027919779788,0.5872382851445663,GBR,4261,1947,10172,589,1003
Amelie Mauresmo,0.5958865337442606,0.5870521684475173,FRA,6653,2821,15899,934,1591
Venus Williams,0.5983708493968412,0.5868077162414437,USA,13212,6034,32164,1886,3214
Maria Sharapova,0.6007152052639108,0.5859487474805644,RUS,15185,5813,34955,2035,3473
Aryna Sabalenka,0.5968961400716275,0.5853658536585366,BLR,1013,487,2513,144,246
Sachia Vickery,0.5513280689160086,0.5850144092219021,USA,1006,530,2786,203,347
Dinah Pfizenmaier,0.5471698113207547,0.5845588235294118,GER,789,342,2067,159,272
Nadia Petrova,0.6001815135437029,0.583710407239819,RUS,11716,5478,28648,1677,2873
Caroline Wozniacki,0.5895670413351268,0.5836609873307121,DEN,19086,6773,43861,2672,4578
Sarah Gronert,0.6,0.5833333333333334,GER,91,62,255,14,24
Jane Odonoghue,0.5365853658536586,0.5833333333333334,GBR,90,42,246,21,36
Agnes Szatmari,0.5290697674418605,0.5833333333333334,ROU,58,33,172,14,24
Jesika Maleckova,0.5063291139240507,0.5833333333333334,CZE,28,12,79,7,12
Caroline Dolehide,0.6047430830039525,0.5833333333333334,USA,92,61,253,14,24
Petra Kvitova,0.5980946807127064,0.582855321861058,CZE,12785,5610,30756,1829,3138
Evgenia Linetskaya,0.5431993156544055,0.5822784810126582,ISR,409,226,1169,92,158
Nina Stojanovic,0.5415512465373962,0.5816326530612245,SRB,262,129,722,57,98
Danielle Lao,0.5745454545454546,0.5806451612903226,USA,203,113,550,36,62
Kristyna Pliskova,0.5932982917214192,0.5796791443850268,CZE,3665,1753,9132,542,935
Ana Ivanovic,0.5920978251167772,0.5795002839295854,SRB,13302,6599,33611,2041,3522
Rita Grande,0.5577596266044341,0.5794392523364486,ITA,366,112,857,62,107
Tammi Patterson,0.49557522123893805,0.5789473684210527,AUS,41,15,113,11,19
Usue Maitane Arconada,0.5225464190981433,0.5789473684210527,USA,123,74,377,33,57
Madison Keys,0.6104402610065252,0.5787806809184481,USA,5594,2545,13333,731,1263
Samantha Crawford,0.5667752442996743,0.5787234042553191,USA,678,366,1842,136,235
Alison Van Uytvanck,0.5811996418979409,0.5781758957654723,BEL,2147,1099,5585,355,614
Lindsay Davenport,0.6169310722100656,0.5779816513761468,USA,3093,1418,7312,378,654
Katharina Hobgarski,0.4019607843137255,0.5769230769230769,GER,27,14,102,15,26
Julia Goerges,0.598367957809215,0.5767490428123913,GER,11216,5576,28063,1657,2873
Angelique Kerber,0.5761669279942105,0.5758639308855291,GER,13598,5510,33164,2133,3704
Ksenia Lykina,0.5362776025236593,0.575,RUS,138,32,317,23,40
Victoria Azarenka,0.5875686329719837,0.5742278312852873,BLR,12587,4107,28412,1729,3011
Tatiana Golovin,0.5750476709343503,0.5741626794258373,FRA,3008,1214,7342,480,836
Na Li,0.5885649375236652,0.5730659025787965,CHN,11357,4187,26410,1600,2792
Lin Zhu,0.5590836012861736,0.5723270440251572,CHN,898,493,2488,182,318
Ipek Senoglu,0.4606741573033708,0.5714285714285714,TUR,62,20,178,20,35
Andrea Koch Benvenuto,0.40625,0.5714285714285714,CHI,19,7,64,8,14
Evie Dominikovic,0.5598455598455598,0.5714285714285714,AUS,308,127,777,60,105
Manon Arcangioli,0.5753424657534246,0.5714285714285714,FRA,24,18,73,4,7
Anastasiya Shoshyna,0.43478260869565216,0.5714285714285714,UKR,20,10,69,8,14
Alicia Molik,0.5802159962435436,0.5714285714285714,AUS,2542,1165,6389,412,721
Amanda Coetzer,0.5486381322957199,0.5714285714285714,RSA,205,77,514,36,63
Shiho Akita,0.5581395348837209,0.5714285714285714,JPN,45,27,129,8,14
Nicole Vaidisova,0.6015852769679301,0.571150097465887,CZE,4613,1990,10976,586,1026
Catherine Cartan Bellis,0.5660031430068099,0.5704845814977973,USA,1433,728,3818,259,454
Lucie Hradecka,0.581951342705615,0.5695517774343122,CZE,4378,2535,11879,737,1294
Dayana Yastremska,0.5314814814814814,0.5694444444444444,UKR,185,102,540,41,72
Agnieszka Radwanska,0.5810081890844898,0.5693479722159982,POL,16896,6801,40786,2541,4463
Meghann Shaughnessy,0.580070650574036,0.5691056910569106,USA,2519,1422,6794,420,738
Ying Ying Duan,0.5661434977578476,0.56875,CHN,2249,781,5352,364,640
Ansley Cargill,0.462882096069869,0.5681818181818182,USA,82,24,229,25,44
Karolina Sprem,0.5570922583909597,0.5680555555555555,CRO,2016,1287,5929,409,720
Kristina Barrois,0.5641909357229019,0.5670553935860059,GER,2252,1022,5803,389,686
Conchita Martinez,0.5506756756756757,0.5668789808917197,ESP,428,224,1184,89,157
Fabiola Zuluaga,0.5857220118983234,0.5668449197860963,COL,688,395,1849,106,187
Martina Hingis,0.5823540047007775,0.5667215815485996,SUI,2241,980,5531,344,607
Sarah Borwell,0.6219839142091153,0.5666666666666667,GBR,145,87,373,17,30
Renata Zarazua,0.5015105740181269,0.5660377358490566,MEX,133,33,331,30,53
Garbine Muguruza,0.5791924432914255,0.5659442724458205,ESP,6046,2661,15033,914,1615
Anna Lena Groenefeld,0.5679950057226095,0.565523306948109,GER,3567,1892,9611,643,1137
Laura Robson,0.5682422451994091,0.5653266331658291,GBR,2596,1251,6770,450,796
Katarina Srebotnik,0.5857432158768733,0.5653170359052712,SLO,5155,2076,12345,740,1309
Storm Sanders,0.5392670157068062,0.5652173913043478,AUS,158,48,382,26,46
Corina Morariu,0.5201465201465202,0.5652173913043478,USA,85,57,273,26,46
Jessika Ponchet,0.5628140703517588,0.5652173913043478,FRA,81,31,199,13,23
Laura Granville,0.5604490500863558,0.565068493150685,USA,1827,769,4632,330,584
Mona Barthel,0.571864429263116,0.5650406504065041,GER,5886,2736,15077,973,1722
Oceane Dodin,0.5678421996413628,0.5647668393782384,FRA,1268,632,3346,218,386
Flavia Pennetta,0.567584647109692,0.564336661911555,ITA,10818,6247,30066,1978,3505
Julie Coin,0.5619578686493185,0.5643044619422573,FRA,1120,694,3228,215,381
Virginie Pichet,0.42857142857142855,0.5641025641025641,FRA,44,31,175,22,39
Michaela Honcova,0.45226130653266333,0.5641025641025641,SVK,72,18,199,22,39
Nao Hibino,0.5499712257816995,0.5640648011782032,JPN,2002,865,5213,383,679
Tereza Smitkova,0.5638214565387627,0.5637583892617449,CZE,511,209,1277,84,149
Silvia Farina Elia,0.5593699515347335,0.5637583892617449,ITA,1045,340,2476,168,298
Daniela Hantuchova,0.5767769488893203,0.5633838383838384,SVK,14689,6109,36059,2231,3960
Petra Martic,0.5693083436399962,0.5632377740303541,CRO,4051,1933,10511,668,1186
Amra Sadikovic,0.5836693548387096,0.5631067961165048,SUI,391,188,992,58,103
Jovana Jaksic,0.5247813411078717,0.5628140703517588,SRB,481,239,1372,112,199
Mariana Diaz Oliva,0.5011299435028248,0.5627376425855514,ARG,650,237,1770,148,263
Maria Jose Martinez Sanchez,0.5693703807652727,0.5627009646302251,ESP,3841,2245,10689,700,1244
Jelena Pandzic,0.582089552238806,0.5625,CRO,58,20,134,9,16
Viktoria Kuzmova,0.5304182509505704,0.5616438356164384,SVK,183,96,526,41,73
Elena Dementieva,0.5557114052774612,0.5616388687454678,RUS,8781,3897,22814,1549,2758
Vera Zvonareva,0.5890463423975488,0.5615297235895494,RUS,10704,4676,26110,1483,2641
Ashleigh Barty,0.6011639185257032,0.5613682092555332,AUS,2133,966,5155,279,497
Alexandra Panova,0.554553264604811,0.5613126079447323,RUS,1812,770,4656,325,579
Petra Mandula,0.5489038785834739,0.5605095541401274,HUN,440,211,1186,88,157
Kristina Brandi,0.5239420935412027,0.5604395604395604,PUR,721,220,1796,153,273
Virginie Razzano,0.5548728932980103,0.5602022058823529,FRA,7120,2724,17741,1219,2176
Margarita Gasparyan,0.5463917525773195,0.5601851851851852,RUS,637,264,1649,121,216
Caroline Garcia,0.592728860064854,0.5597014925373134,FRA,6504,3001,16036,900,1608
Roberta Vinci,0.5644161931362163,0.5596730245231608,ITA,11503,6078,31149,2054,3670
Heidi El Tabakh,0.5153664302600472,0.559322033898305,CAN,139,79,423,33,59
Marketa Vondrousova,0.5831339712918661,0.5588235294117647,CZE,631,344,1672,95,170
Mallory Burdette,0.537146614069691,0.5585585585585585,USA,601,216,1521,124,222
Danka Kovinic,0.5528804815133276,0.5584594222833562,MNE,1979,1236,5815,406,727
Beatriz Haddad Maia,0.572562358276644,0.5582191780821918,BRA,1140,375,2646,163,292
Kristina Mladenovic,0.5675243063789424,0.5580448065173116,FRA,6475,3098,16868,1096,1964
Naomi Broady,0.6043861535153731,0.5580357142857143,GBR,1934,877,4651,250,448
Svetlana Kuznetsova,0.5879746544836769,0.5580048986862615,RUS,17797,7814,43558,2506,4491
Belinda Bencic,0.573112545607634,0.5577639751552795,SUI,2856,1228,7126,449,805
Elena Baltacha,0.5649099399599733,0.5574324324324325,GBR,2843,1391,7495,495,888
Francesca Schiavone,0.5702751876279282,0.5571536714610144,ITA,12553,7507,35176,2208,3963
Sabine Lisicki,0.5792797635044343,0.5567226890756303,GER,8530,4403,22326,1325,2380
Ana Konjuh,0.5761323233884681,0.5565217391304348,CRO,2462,1265,6469,384,690
Jelena Jankovic,0.571733513088417,0.556488702259548,SRB,18394,7051,44505,2783,5001
Maria Emilia Salerni,0.5421455938697318,0.5563380281690141,ARG,400,166,1044,79,142
Elise Mertens,0.5608863590160602,0.5561224489795918,BEL,1928,831,4919,327,588
Kaia Kanepi,0.5677434567319029,0.5558727569331158,EST,7992,4047,21205,1363,2452
Anna Zaja,0.5899280575539568,0.5555555555555556,GER,117,47,278,15,27
Yuxuan Zhang,0.5250431778929189,0.5555555555555556,CHN,210,94,579,45,81
Maja Matevzic,0.5774436090225564,0.5555555555555556,SLO,273,111,665,40,72
Xin Yu Wang,0.515625,0.5555555555555556,CHN,20,13,64,5,9
Jasmine Paolini,0.4495798319327731,0.5555555555555556,ITA,70,37,238,25,45
Katherine Sebov,0.6027397260273972,0.5555555555555556,CAN,29,15,73,5,9
Katy Dunne,0.5373134328358209,0.5555555555555556,GBR,25,11,67,5,9
Ines Ferrer Suarez,0.5384615384615384,0.5555555555555556,ESP,26,9,65,5,9
Ons Jabeur,0.5519107203246534,0.5555555555555556,TUN,958,674,2957,200,360
Ekaterina Bychkova,0.5518590998043053,0.5553435114503816,RUS,1394,862,4088,291,524
Taylor Townsend,0.5358598207008965,0.5552238805970149,USA,927,388,2454,186,335
Francoise Abanda,0.5519917227108122,0.5550847457627118,CAN,771,296,1933,131,236
Denisa Chladkova,0.5250596658711217,0.5546218487394958,CZE,298,142,838,66,119
Stephanie Cohen Aloro,0.531595352791159,0.554140127388535,FRA,1280,596,3529,261,471
Lindsay Lee Waters,0.5546492659053833,0.5540540540540541,USA,238,102,613,41,74
Coco Vandeweghe,0.6026329726866914,0.5535851966075559,USA,5052,2913,13217,718,1297
Daria Gavrilova,0.5649035617086735,0.5534979423868313,AUS,3369,1405,8451,538,972
Timea Babos,0.5805585012371863,0.5533650577838205,HUN,5750,2462,14145,814,1471
Heather Watson,0.5628435324294614,0.5532047293092719,GBR,5331,2349,13645,889,1607
Alisa Kleybanova,0.5645041567695962,0.5530973451327433,RUS,4860,2745,13472,875,1582
Eri Hozumi,0.5328413284132841,0.553072625698324,JPN,500,222,1355,99,179
Alina Jidkova,0.5256166982922201,0.5526315789473685,RUS,566,265,1581,126,228
Anett Kontaveit,0.5906593406593407,0.5526315789473685,EST,2573,1082,6188,336,608
Paula Badosa,0.5423076923076923,0.5526315789473685,ESP,90,51,260,21,38
Dominika Cibulkova,0.5606318214226951,0.5521217712177122,SVK,14232,6212,36466,2394,4336
Barbora Zahlavova Strycova,0.5528865563181268,0.5520934761441091,CZE,9707,3988,24770,1701,3081
Ludmila Cervanova,0.5364354697102721,0.5517241379310345,SVK,440,171,1139,80,145
Ai Sugiyama,0.5422535211267606,0.5513447432762836,JPN,4875,1978,12638,902,1636
Sanda Mamic,0.5187637969094923,0.5511811023622047,CRO,296,174,906,70,127
Marina Erakovic,0.5755385874011454,0.5508474576271186,NZL,5760,2682,14668,910,1652
Varvara Lepchenko,0.5613720262510254,0.5505330490405117,USA,7904,3045,19504,1291,2345
Anna Lena Friedsam,0.5827612509534706,0.5504807692307693,GER,1593,699,3933,229,416
Melinda Czink,0.5709233416172816,0.5501618122977346,HUN,4181,1792,10462,680,1236
Maria Sanchez Lorenzo,0.5401425178147269,0.55,ESP,679,458,2105,154,280
Ayaka Okuno,0.45544554455445546,0.55,JPN,30,16,101,11,20
Sandra Kleinova,0.5041666666666667,0.55,CZE,180,62,480,44,80
Fanny Stollar,0.5335515548281505,0.55,HUN,212,114,611,44,80
Christina Mchale,0.5597361096794145,0.5499565595134666,USA,7528,3332,19402,1266,2302
Elina Svitolina,0.5753197245450073,0.5499432463110102,UKR,6467,2890,16264,969,1762
Jennifer Brady,0.5768161969035331,0.5498281786941581,USA,910,543,2519,160,291
Claudine Schaul,0.5089058524173028,0.5491803278688525,LUX,264,136,786,67,122
Raluca Olaru,0.5357730263157895,0.549079754601227,ROU,1749,857,4864,358,652
Elena Vesnina,0.5591456363512686,0.5490139211136891,RUS,11419,5021,29402,1893,3448
Jacqueline Cako,0.5580693815987934,0.5487804878048781,USA,254,116,663,45,82
Akgul Amanmuradova,0.57035234121465,0.5486815415821501,UZB,3575,1346,8628,541,986
Laura Siegemund,0.552027027027027,0.5486111111111112,GER,2435,833,5920,395,720
Anna Chakvetadze,0.5591361941336895,0.5484022556390977,RUS,6829,3217,17967,1167,2128
Christina Wheeler,0.47668393782383417,0.5483870967741935,AUS,62,30,193,17,31
Yanina Wickmayer,0.5739248353351414,0.5483757062146892,BEL,10521,4292,25810,1553,2832
Magdalena Rybarikova,0.5635378518035419,0.5483449477351916,SVK,7493,3740,19933,1259,2296
Bethanie Mattek Sands,0.5588235294117647,0.5478947368421052,USA,5852,2983,15810,1041,1900
Alison Riske,0.5693305210530427,0.5471830985915493,USA,5389,1899,12801,777,1420
Sofia Kenin,0.5700325732899023,0.5471698113207547,USA,389,136,921,58,106
Ekaterina Makarova,0.572097202980492,0.5471574104502136,RUS,10732,4547,26707,1665,3043
Kiki Bertens,0.5702473126362475,0.5469061876247505,NED,5169,2417,13303,822,1503
Anastasia Pavlyuchenkova,0.5673896984755893,0.5468844525105868,RUS,11626,5272,29782,1808,3306
Timea Bacsinszky,0.5555632295048001,0.5465909090909091,SUI,5568,2476,14479,962,1760
Sybille Bammer,0.5508504988157611,0.5465768799102132,AUT,5526,2149,13933,974,1782
Mara Santangelo,0.5714285714285714,0.5463786531130876,ITA,2907,1161,7119,430,787
Sandra Kloesel,0.5222288085358625,0.5462184873949579,GER,646,235,1687,130,238
Vesna Dolonc,0.5362663495838288,0.5462184873949579,SRB,669,233,1682,130,238
Eugenie Bouchard,0.5658324265505985,0.5460237946149029,CAN,5198,2602,13785,872,1597
Andrea Petkovic,0.5621975763285231,0.5459770114942529,GER,9611,3518,23353,1520,2784
Julia Boserup,0.5633992805755396,0.5457875457875457,USA,925,328,2224,149,273
Dinara Safina,0.5746781531313523,0.5457793657882983,RUS,8586,3288,20662,1222,2239
Camila Giorgi,0.5734246321828445,0.5456066945606695,ITA,3936,2261,10807,652,1195
Janette Husarova,0.475,0.5454545454545454,SVK,63,32,200,18,33
Giuliana Olmos,0.45901639344262296,0.5454545454545454,MEX,22,6,61,6,11
Kelly Mccain,0.5130434782608696,0.5454545454545454,USA,76,42,230,18,33
Kwan Yau Ng,0.4444444444444444,0.5454545454545454,HKG,9,11,45,6,11
Hyun Hui Hong,0.43478260869565216,0.5454545454545454,KOR,10,10,46,6,11
Irina Buryachok,0.46551724137931033,0.5454545454545454,UKR,19,8,58,6,11
Amanda Fink,0.4657534246575342,0.5454545454545454,USA,24,10,73,6,11
Ruxandra Dragomir Ilie,0.45,0.5454545454545454,ROU,20,7,60,6,11
Mayo Hibi,0.5119825708061002,0.5454545454545454,JPN,172,63,459,36,66
Nathalie Dechy,0.5496566567592498,0.5453774385072095,FRA,4056,1307,9757,643,1179
Mirjana Lucic,0.5572789115646258,0.5453488372093023,CRO,2695,1401,7350,469,860
Anastasia Myskina,0.545323999281996,0.5451977401129944,RUS,1970,1068,5571,386,708
Kai Chen Chang,0.5299600532623169,0.5450643776824035,TPE,2484,1098,6759,508,932
Marion Bartoli,0.5696806722689076,0.5439416058394161,FRA,11868,5080,29750,1863,3425
Ysaline Bonaventure,0.5539714867617108,0.543859649122807,BEL,167,105,491,31,57
Andrea Hlavackova,0.5643227768831633,0.543613707165109,CZE,2233,921,5589,349,642
Kateryna Kozlova,0.5555293562838953,0.5434782608695652,UKR,1743,613,4241,275,506
Riko Sawayanagi,0.46124031007751937,0.5434782608695652,JPN,87,32,258,25,46
Paula Ormaechea,0.5355385456533625,0.5432098765432098,ARG,1351,608,3658,264,486
Olivia Sanchez,0.517162471395881,0.5426356589147286,FRA,307,145,874,70,129
Jelena Dokic,0.5632899452933409,0.5426229508196722,AUS,1999,987,5301,331,610
Nuria Llagostera Vives,0.5305929153248722,0.5423728813559322,ESP,1737,1064,5279,384,708
Shenay Perry,0.5498696991234304,0.5423728813559322,USA,1466,855,4221,288,531
Polona Hercog,0.5664003306240529,0.5422116527942925,SLO,5656,2567,14518,912,1682
Yafan Wang,0.5502667213787443,0.5422077922077922,CHN,910,431,2437,167,308
Shelby Rogers,0.5806451612903226,0.5419354838709678,USA,2825,1369,7223,420,775
Marta Domachowska,0.5362130561870737,0.5418660287081339,POL,2261,1041,6158,453,836
Simona Halep,0.5729087579831182,0.5417507059298104,ROU,9095,3733,22391,1343,2479
Eirini Georgatou,0.4861111111111111,0.5416666666666666,GRE,47,23,144,13,24
Sherazad Reix,0.5665024630541872,0.5416666666666666,FRA,79,36,203,13,24
Irina Camelia Begu,0.5539692701664533,0.5408,ROU,6036,2617,15620,1014,1875
Katerina Siniakova,0.5536929669775649,0.5407636738906089,CZE,3039,1354,7934,524,969
Jarmila Gajdosova,0.5719754977029097,0.5407407407407407,AUS,510,237,1306,73,135
Corinna Dentoni,0.5146927871772039,0.5406976744186046,ITA,391,187,1123,93,172
Jamie Hampton,0.5640756302521008,0.5405819295558959,USA,2106,1116,5712,353,653
Vera Lapko,0.56951871657754,0.5405405405405406,BLR,144,69,374,20,37
Michaella Krajicek,0.5806753246753247,0.5405138339920948,NED,3763,1826,9625,547,1012
Monica Puig,0.5852354688162918,0.5403624382207578,PUR,4678,2219,11785,656,1214
Tereza Hladikova,0.5597826086956522,0.54,CZE,137,69,368,27,50
Misaki Doi,0.5531895614353026,0.5397897897897898,JPN,4144,1961,11036,719,1332
Elena Likhovtseva,0.5517641212522776,0.5395973154362416,RUS,2365,966,6037,402,745
Mandy Minella,0.5436016511867905,0.539553752535497,LUX,2865,1349,7752,532,986
Qiang Wang,0.5655247417074497,0.5395136778115501,CHN,2174,946,5517,355,658
Lourdes Dominguez Lino,0.5185676392572944,0.5391304347826087,ESP,269,122,754,62,115
Shuai Peng,0.5695004498950245,0.5389668557778441,CHN,12345,4744,30007,1805,3349
Carla Suarez Navarro,0.5563345372140783,0.5388921626399529,ESP,11612,4100,28242,1829,3394
Alize Cornet,0.5409925778978691,0.5387907972177635,FRA,10973,4844,29237,2014,3738
Polina Leykina,0.4942528735632184,0.5384615384615384,RUS,57,29,174,14,26
Sofia Shapatava,0.5270935960591133,0.5384615384615384,GEO,227,94,609,42,78
Magdalena Maleeva,0.5615343633457646,0.5384615384615384,BUL,763,291,1877,119,221
Ashley Kratzer,0.3404255319148936,0.5384615384615384,USA,10,6,47,7,13
Zoe Gwen Scandalis,0.2702702702702703,0.5384615384615384,USA,8,2,37,7,13
Violette Huck,0.48314606741573035,0.5384615384615384,FRA,25,18,89,7,13
Gabriela Dabrowski,0.534020618556701,0.5384615384615384,CAN,181,78,485,35,65
Pauline Parmentier,0.5568929972733923,0.5382078064870808,FRA,5536,2838,15037,979,1819
Evgeniya Rodina,0.5353994122361742,0.5380761523046093,RUS,2837,1171,7486,537,998
Maret Ani,0.4972972972972973,0.5379939209726444,EST,723,289,2035,177,329
Vania King,0.5494655581947744,0.537328094302554,USA,6642,2611,16840,1094,2036
Anastasija Sevastova,0.560981098109811,0.5371577574967406,LAT,4980,2499,13332,824,1534
Dalila Jakupovic,0.5612068965517242,0.5362318840579711,SLO,461,190,1160,74,138
Sloane Stephens,0.567114313789715,0.5360094451003542,USA,6185,2472,15265,908,1694
Gisela Dulko,0.5449806090660563,0.5358948432760364,ARG,5751,2821,15729,1060,1978
Maureen Drake,0.5333333333333333,0.5357142857142857,CAN,167,57,420,30,56
Lara Arruabarrena,0.546835816492108,0.5356294536817102,ESP,2570,1137,6779,451,842
Donna Vekic,0.5591961555264308,0.5355450236966824,CRO,3271,1849,9156,565,1055
Maria Kirilenko,0.575096702891877,0.5354357409291285,RUS,11104,4507,27145,1579,2949
Jennifer Capriati,0.6086956521739131,0.5352941176470588,USA,842,376,2001,91,170
Emma Laine,0.5342394145321484,0.53515625,FIN,684,338,1913,137,256
Agnes Szavay,0.5619529775184486,0.5350746268656716,HUN,4626,1923,11654,717,1340
Johanna Larsson,0.550614582662977,0.5349815886375592,SWE,6018,2538,15539,1017,1901
Zarina Diyas,0.5535634908875389,0.5349693251533743,KAZ,2754,982,6749,436,815
Marta Marrero,0.5034013605442177,0.5344827586206896,ESP,252,118,735,62,116
Maryna Zanevska,0.5065138092756644,0.5342465753424658,UKR,658,314,1919,156,292
Kateryna Bondarenko,0.5527668748963458,0.533515731874145,UKR,6989,3010,18089,1170,2193
Akiko Omae,0.5252525252525253,0.5333333333333333,JPN,37,15,99,8,15
Suchanun Viratprasert,0.39655172413793105,0.5333333333333333,THA,13,10,58,8,15
Stephanie Vogt,0.4975369458128079,0.5333333333333333,LIE,70,31,203,16,30
Greta Arn,0.5442979767014102,0.5331724969843185,HUN,2373,1178,6524,442,829
Akiko Morigami,0.529897718332022,0.5331452750352609,JPN,1881,813,5084,378,709
Richel Hogenkamp,0.5476793248945148,0.5331010452961672,NED,814,484,2370,153,287
Aleksandra Wozniak,0.5460831086220009,0.5326743547501372,CAN,5446,2452,14463,970,1821
Shinobu Asagoe,0.5420258620689655,0.5325779036827195,JPN,1115,394,2784,188,353
Daria Gavrilova,0.5118811881188119,0.5323741007194245,RUS,352,165,1010,74,139
Julia Cohen,0.4987546699875467,0.532,USA,647,154,1606,133,250
Shilin Xu,0.5093167701863354,0.5319148936170213,CHN,110,54,322,25,47
Ajla Tomljanovic,0.5503774204135214,0.5319148936170213,CRO,2256,1098,6094,400,752
Carina Witthoeft,0.5515797487628473,0.5318471337579618,GER,2104,794,5254,334,628
Laura Pous Tio,0.52935303514377,0.5317220543806647,ESP,1843,808,5008,352,662
Ekaterina Alexandrova,0.5660976578007145,0.5316901408450704,RUS,930,496,2519,151,284
Louisa Chirico,0.5149960536700868,0.5316804407713499,USA,856,449,2534,193,363
Arantxa Parra Santonja,0.5427297878881033,0.5314769975786925,ESP,2068,1463,6506,439,826
Na Lae Han,0.4742014742014742,0.5310344827586206,KOR,251,135,814,77,145
Yaroslava Shvedova,0.564217610768368,0.531031031031031,KAZ,6979,3081,17830,1061,1998
Kveta Peschke,0.5226611226611226,0.5309734513274337,CZE,862,395,2405,180,339
Catalina Castano,0.5291161178509532,0.5308804204993429,COL,2078,975,5770,404,761
Barbara Rittner,0.49504950495049505,0.5306122448979592,GER,102,48,303,26,49
Anabel Medina Garrigues,0.5592108180004434,0.5302973278133233,ESP,8874,3739,22555,1409,2657
Rosana De Los Rios,0.49836494440810986,0.5301455301455301,PAR,1138,386,3058,255,481
Marie Bouzkova,0.4990892531876138,0.5301204819277109,CZE,199,75,549,44,83
Sara Errani,0.5358355566335192,0.5300508552935738,ITA,14249,3425,32984,2293,4326
Alberta Brianti,0.5280683991450107,0.5297113752122241,ITA,3261,1433,8889,624,1178
Irina Khromacheva,0.5468653010552452,0.5297029702970297,RUS,564,317,1611,107,202
Jie Zheng,0.5468072526606228,0.5295974743488555,CHN,8431,2667,20296,1342,2534
Meilen Tu,0.5460493205837946,0.5294117647058824,USA,1591,579,3974,261,493
Eva Fislova,0.5512367491166078,0.5294117647058824,SVK,110,46,283,18,34
Pei Chi Lee,0.48672566371681414,0.5294117647058824,TPE,33,22,113,9,17
Lauren Davis,0.535793216104545,0.5294117647058824,USA,3833,1743,10407,711,1343
Eva Hrdinova,0.5470085470085471,0.5294117647058824,CZE,90,38,234,18,34
Ivana Lisjak,0.5119726339794755,0.5289256198347108,CRO,305,144,877,64,121
Kirsten Flipkens,0.5678547480270284,0.5287569573283859,BEL,7312,3697,19387,1140,2156
Elizaveta Kulichkova,0.5240610328638498,0.5286885245901639,RUS,568,325,1704,129,244
Tamara Korpatsch,0.54125,0.5283018867924528,GER,293,140,800,56,106
Kathrin Woerle,0.4987551867219917,0.5280898876404494,GER,405,196,1205,94,178
Tamarine Tanasugarn,0.5413558222510542,0.5280898876404494,THA,3465,1542,9249,611,1157
Alona Bondarenko,0.5470286576168929,0.5277368679430535,UKR,6689,2378,16575,1075,2037
Jelena Kostanic Tosic,0.5393293638357881,0.5276381909547738,CRO,1236,485,3191,210,398
Cara Black,0.5338904363974002,0.527027027027027,ZIM,376,199,1077,78,148
Shuai Zhang,0.5505958677103167,0.5268065268065268,CHN,5683,2125,14181,904,1716
Beatriz Garcia Vidagany,0.49818621523579204,0.5267175572519084,ESP,315,97,827,69,131
Yuliana Fedak,0.5102880658436214,0.5263157894736842,UKR,1137,475,3159,240,456
Emily Webley Smith,0.4857142857142857,0.5263157894736842,GBR,26,25,105,10,19
Cagla Buyukakcay,0.5431844888366627,0.5261904761904762,TUR,1432,417,3404,221,420
Silvia Soler Espinosa,0.5468567173704925,0.5260906757912746,ESP,3383,1758,9401,615,1169
Estrella Cabeza Candela,0.5229568411386594,0.525974025974026,ESP,851,288,2178,162,308
Tereza Martincova,0.5388446215139442,0.5259259259259259,CZE,786,296,2008,142,270
Sorana Cirstea,0.5468017183620384,0.5257161458333334,ROU,8907,4967,25373,1615,3072
Casey Dellacqua,0.5425648157345784,0.5256211180124224,AUS,3643,1819,10067,677,1288
Tatjana Maria,0.5487398953875416,0.5255198487712666,GER,1515,793,4206,278,529
Victoria Duval,0.53012912482066,0.5255102040816326,USA,544,195,1394,103,196
Sofia Arvidsson,0.5351699063068103,0.5250266240681576,SWE,5637,2017,14302,986,1878
Isabella Shinikova,0.5179856115107914,0.525,BUL,196,92,556,42,80
Yi Miao Zhou,0.5140712945590994,0.525,CHN,181,93,533,42,80
Jessica Moore,0.5006353240152478,0.525,AUS,248,146,787,63,120
Mariana Duque Marino,0.5365497076023392,0.5249433106575964,COL,2576,1094,6840,463,882
Antonia Lottner,0.5403996524761078,0.524822695035461,GER,475,147,1151,74,141
Martina Sucha,0.5018132366273799,0.524390243902439,SVK,764,343,2206,172,328
Lesia Tsurenko,0.5414869760220804,0.5243128964059197,UKR,4425,1853,11594,744,1419
Sania Mirza,0.542435742625496,0.5240352064996615,IND,4133,2156,11594,774,1477
Nicha Lertpitaksinchai,0.504739336492891,0.5238095238095238,THA,160,53,422,33,63
Deniz Khazaniuk,0.5197368421052632,0.5238095238095238,ISR,63,16,152,11,21
Kayla Day,0.5524861878453039,0.5229357798165137,USA,300,200,905,57,109
Isabella Holland,0.44537815126050423,0.5227272727272727,AUS,71,35,238,23,44
Katalin Marosi,0.5043782837127846,0.5222222222222223,HUN,207,81,571,47,90
Silvija Talaja,0.5279411764705882,0.5222222222222223,CRO,240,119,680,47,90
Maria Teresa Torro Flor,0.5259201658890617,0.5219885277246654,ESP,1411,618,3858,273,523
Angelique Widjaja,0.5156576200417536,0.5217391304347826,INA,180,67,479,36,69
Sacha Jones,0.5030978934324659,0.5217391304347826,AUS,276,130,807,60,115
Julia Vakulenko,0.5538008001684566,0.5214285714285715,UKR,1824,806,4749,292,560
Naomi Osaka,0.589051094890511,0.5213178294573644,JPN,2104,1124,5480,269,516
Maria Joao Koehler,0.4912420382165605,0.5212765957446809,POR,414,203,1256,98,188
Maria Sakkari,0.5474167623421354,0.5211009174311927,GRE,1764,620,4355,284,545
Grace Min,0.5213333333333333,0.5209003215434084,USA,857,316,2250,162,311
Karin Knapp,0.544705136334813,0.5208791208791209,ITA,4014,1999,11039,711,1365
Bojana Bobusic,0.4927007299270073,0.5208333333333334,AUS,101,34,274,25,48
Nicole Gibbs,0.5317476732161324,0.5207006369426752,USA,1728,843,4835,327,628
Priscilla Hon,0.5617283950617284,0.5205479452054794,AUS,237,127,648,38,73
Lisa Raymond,0.5653584171261758,0.52046783625731,USA,1181,562,3083,178,342
Zi Yan,0.5251546946462201,0.5203883495145631,CHN,1387,565,3717,268,515
Sandra Zahlavova,0.5176510522742702,0.5203836930455635,CZE,1032,493,2946,217,417
Michelle Larcher De Brito,0.5112936344969199,0.5197132616487455,POR,1353,639,3896,290,558
Stephanie Foretz Gacon,0.5227753219296559,0.5196629213483146,FRA,1800,920,5203,370,712
Xinyun Han,0.512992700729927,0.5193482688391039,CHN,1230,527,3425,255,491
Shahar Peer,0.5541283667161723,0.519104991394148,ISR,9908,3897,24913,1508,2905
Valeria Savinykh,0.5337837837837838,0.51875,RUS,413,219,1184,83,160
Darya Kasatkina,0.554974458769156,0.5186335403726708,RUS,3223,1340,8222,501,966
Tamira Paszek,0.5331341662140141,0.5185378590078329,AUT,5464,2388,14728,993,1915
Amanda Keen,0.5993150684931506,0.5185185185185185,GBR,109,66,292,14,27
Wushuang Zheng,0.5662650602409639,0.5185185185185185,CHN,88,53,249,14,27
Irena Pavlovic,0.5690021231422505,0.5185185185185185,FRA,192,76,471,28,54
Aravane Rezai,0.5560280671911546,0.5184729064039408,FRA,5210,2635,14109,842,1624
Patricia Maria Tig,0.539612676056338,0.5183946488294314,ROU,806,420,2272,155,299
Irina Falconi,0.5171391513803966,0.5183727034120735,USA,1913,878,5397,395,762
Rebecca Peterson,0.5546026300743282,0.518348623853211,SWE,708,262,1749,113,218
Masa Zec Peskiric,0.4918957011980268,0.5180180180180181,SLO,482,216,1419,115,222
Tathiana Garbin,0.5376130597838076,0.5178571428571429,ITA,3308,1566,9066,609,1176
Yulia Putintseva,0.544973544973545,0.5178571428571429,KAZ,3775,1478,9639,609,1176
Claire Liu,0.5159090909090909,0.5178571428571429,USA,161,66,440,29,56
Anastasia Pivovarova,0.5084188911704313,0.5177111716621253,RUS,913,325,2435,190,367
Tzipi Obziler,0.5344418052256532,0.5176056338028169,ISR,805,320,2105,147,284
Tsvetana Pironkova,0.5493879590307269,0.5172697368421053,BUL,7224,3772,20015,1258,2432
Kimberly Birrell,0.514018691588785,0.5172413793103449,AUS,73,37,214,15,29
Olga Saez Larra,0.5275229357798165,0.5172413793103449,ESP,71,44,218,15,29
Severine Beltrame,0.5375349537534954,0.5171821305841925,FRA,1614,885,4649,301,582
Nina Bratchikova,0.5275502606105733,0.5171503957783641,RUS,990,427,2686,196,379
Lizette Cabrera,0.4940677966101695,0.5170454545454546,AUS,429,154,1180,91,176
Jana Fett,0.5573227302849569,0.5170454545454546,CRO,541,300,1509,91,176
Rika Fujiwara,0.5101449275362319,0.5170068027210885,JPN,336,192,1035,76,147
Julia Schruff,0.5221626887481734,0.5168141592920354,GER,1465,679,4106,292,565
Galina Voskoboeva,0.5525759323337178,0.5167731629392971,KAZ,3717,2032,10404,647,1252
Eva Birnerova,0.5193230613791362,0.5166051660516605,CZE,1487,569,3959,280,542
Caroline Maes,0.4845360824742268,0.5161290322580645,BEL,69,25,194,16,31
Vera Dushevina,0.5384959141981613,0.5160804020100502,RUS,5758,2677,15664,1027,1990
Kimiko Date Krumm,0.5320684868116613,0.5149147727272727,JPN,4092,1657,10805,725,1408
Kurumi Nara,0.5217116357504216,0.5148902821316614,JPN,3710,1240,9488,657,1276
Lina Krasnoroutskaya,0.5192697768762677,0.5147058823529411,RUS,175,81,493,35,68
Chanelle Scheepers,0.5284371909000989,0.5143570536828964,RSA,4509,1902,12132,824,1602
Petra Cetkovska,0.5446157308428041,0.5141509433962265,CZE,3419,1421,8887,545,1060
Su Wei Hsieh,0.5350130321459601,0.5126799177518848,TPE,4231,1927,11510,748,1459
Bojana Jovanovski,0.5367324561403509,0.5123762376237624,SRB,4883,1970,12768,828,1616
Yulia Fedossova,0.5261569416498993,0.512,FRA,350,173,994,64,125
Ayumi Morita,0.5393112905683376,0.5117399157134257,JPN,4965,2114,13126,850,1661
Olga Govortsova,0.5333525844643373,0.511322463768116,BLR,6519,2716,17315,1129,2208
Ashley Harkleroad,0.5236762304641941,0.5111111111111111,USA,1708,537,4287,299,585
Asia Muhammed,0.5829787234042553,0.5106382978723404,USA,389,159,940,48,94
Melanie South,0.5446236559139785,0.510548523206751,GBR,708,305,1860,121,237
Yung Jan Chan,0.5206255055270963,0.5104895104895105,TPE,2782,1080,7418,511,1001
Tatiana Perebiynis,0.547704330836861,0.5104712041884817,UKR,1149,533,3071,195,382
Cristina Andreea Mitu,0.5328358208955224,0.5104166666666666,ROU,248,109,670,49,96
Nastassja Burnett,0.534923339011925,0.5103448275862069,ITA,456,172,1174,74,145
Lilia Osterloh,0.513677811550152,0.5102040816326531,USA,1286,573,3619,250,490
Jelena Ostapenko,0.5450390859891762,0.509765625,LAT,2863,1669,8315,522,1024
Magda Linette,0.5622413793103448,0.5096582466567607,POL,2343,918,5800,343,673
Amy Frazier,0.523095623987034,0.509493670886076,USA,867,424,2468,161,316
Fatima El Allami,0.4479166666666667,0.5094339622641509,MAR,84,45,288,27,53
Aniko Kapros,0.5319905213270142,0.509090909090909,HUN,279,170,844,56,110
Katarzyna Piter,0.5100714749837557,0.509009009009009,POL,548,237,1539,113,222
Nicole Pratt,0.5365715899463428,0.5087719298245614,AUS,1420,480,3541,232,456
Stefanie Voegele,0.549033474776049,0.5084745762711864,SUI,4538,2449,12726,780,1534
Eleni Daniilidou,0.5333614508646141,0.5084415584415585,GRE,4800,1523,11855,783,1540
Tatiana Panova,0.4865211810012837,0.5083333333333333,RUS,258,121,779,61,120
Tereza Mrdeza,0.510158013544018,0.5079365079365079,CRO,358,94,886,64,126
Sally Peers,0.49373433583959897,0.5076923076923077,AUS,146,51,399,33,65
Alexandra Dulgheru,0.5380232076253626,0.5075250836120402,ROU,3896,1297,9652,607,1196
Amanda Anisimova,0.511578947368421,0.5074626865671642,USA,172,71,475,34,67
Emilie Loit,0.5460774237752655,0.5072463768115942,FRA,2233,955,5838,350,690
Viktoria Kutuzova,0.514823717948718,0.5070821529745042,UKR,871,414,2496,179,353
Jill Craybas,0.5237999598312915,0.5069513406156901,USA,5479,2345,14937,1021,2014
Jia Jing Lu,0.5192307692307693,0.5064935064935064,CHN,194,103,572,39,77
Melanie Oudin,0.5276239694844346,0.5060018467220684,USA,3089,1199,8127,548,1083
Saisai Zheng,0.5202268431001891,0.5048143053645117,CHN,1899,853,5290,367,727
Ekaterina Dzehalevich,0.524547803617571,0.5047619047619047,BLR,248,158,774,53,105
Viktorija Golubic,0.5450884258448608,0.5046153846153846,SUI,2211,902,5711,328,650
Su Jeong Jang,0.5455037919826652,0.5043103448275862,KOR,728,279,1846,117,232
Jamea Jackson,0.5290078956402334,0.5040871934604905,USA,1093,448,2913,185,367
Risa Ozaki,0.5312008390141584,0.503921568627451,JPN,1488,538,3814,257,510
Alexa Glatch,0.5434995112414467,0.5039164490861618,USA,1099,569,3069,193,383
Aleksandra Krunic,0.5612045365662887,0.5034129692832765,SRB,1919,951,5114,295,586
Anna Lapushchenkova,0.49162995594713654,0.5029585798816568,RUS,358,200,1135,85,169
Ksenia Pervak,0.5415824235072112,0.5022271714922049,KAZ,2898,1120,7419,451,898
Arantxa Rus,0.5228984633925882,0.5017064846416383,NED,2519,952,6638,441,879
Tatiana Poutchek,0.4997624703087886,0.5016501650165016,BLR,750,302,2105,152,303
Teliana Pereira,0.5217125382262997,0.5011185682326622,BRA,1276,430,3270,224,447
Alla Kudryavtseva,0.5330803497772645,0.5003178639542276,RUS,4333,2129,12122,787,1573
Chloe Paquet,0.546448087431694,0.5,FRA,131,69,366,22,44
Ankita Raina,0.5368421052631579,0.5,IND,74,28,190,12,24
Xinyu Gao,0.49403341288782815,0.5,CHN,141,66,419,27,54
Kristie Ahn,0.5659679408138101,0.5,USA,322,137,811,49,98
Olga Savchuk,0.5190122377622378,0.5,UKR,1599,776,4576,319,638
Petra Rampre,0.5100286532951289,0.5,SLO,96,82,349,24,48
Ahsha Rolle,0.5678104575163399,0.5,USA,473,222,1224,63,126
Audra Cohen,0.5254237288135594,0.5,USA,24,7,59,3,6
Marlene Weingartner,0.5110642781875658,0.5,GER,320,165,949,65,130
Jennifer Hopkins,0.50390625,0.5,USA,83,46,256,19,38
Ellen Perez,0.514792899408284,0.5,AUS,57,30,169,10,20
Elena Rybakina,0.5472779369627507,0.5,RUS,127,64,349,20,40
Tena Lukas,0.49056603773584906,0.5,CRO,45,33,159,13,26
Daniela Seguel,0.48034934497816595,0.5,CHI,79,31,229,21,42
Adriana Perez,0.5316455696202531,0.5,VEN,33,9,79,5,10
Bibiane Schoofs,0.5569620253164557,0.5,NED,32,12,79,3,6
Victoria Larriere,0.51171875,0.5,FRA,89,42,256,19,38
Claire De Gubernatis,0.6716417910447762,0.5,FRA,28,17,67,2,4
Angela Haynes,0.5533428165007113,0.5,USA,586,192,1406,79,158
Melisa Miranda Otarola,0.5151515151515151,0.5,CHI,22,12,66,5,10
Viky Nunez Fuentes,0.45454545454545453,0.5,COL,16,9,55,4,8
Sandy Gumulya,0.3925233644859813,0.5,INA,29,13,107,12,24
Sunitha Rao,0.5614849187935035,0.5,IND,183,59,431,23,46
Chanda Rubin,0.5497076023391813,0.5,USA,509,243,1368,85,170
Ting Li,0.5251396648044693,0.5,CHN,68,26,179,13,26
Ana Biskic,0.38,0.5,CRO,17,2,50,6,12
Varvara Flink,0.5158371040723982,0.5,RUS,78,36,221,17,34
Ksenia Gaydarzhi,0.3409090909090909,0.5,RUS,11,4,44,6,12
Quirine Lemoine,0.48951048951048953,0.5,NED,53,17,143,11,22
Tamara Zidansek,0.49206349206349204,0.5,SLO,20,11,63,5,10
Irina Maria Bara,0.46107784431137727,0.5,ROU,59,18,167,14,28
Alexa Guarachi,0.49230769230769234,0.5,USA,24,8,65,5,10
Katharina Gerlach,0.425,0.5,GER,38,13,120,12,24
Cristiana Ferrando,0.5961538461538461,0.5,ITA,21,10,52,3,6
Gioia Barbieri,0.5094339622641509,0.5,ITA,22,5,53,4,8
Anastasia Grymalska,0.46511627906976744,0.5,ITA,124,36,344,30,60
Jana Juricova,0.46551724137931033,0.5,SVK,18,9,58,5,10
Palma Kiraly,0.48,0.5,HUN,18,6,50,5,10
Raquel Kops Jones,0.5192307692307693,0.5,USA,19,8,52,4,8
Amanda Elliott,0.686046511627907,0.5,GBR,48,11,86,3,6
Noppawan Lertcheewakarn,0.4933239634574842,0.5,THA,478,224,1423,105,210
Elena Gabriela Ruse,0.5423728813559322,0.5,ROU,109,51,295,18,36
Basak Eraydin,0.5280898876404494,0.5,TUR,219,110,623,36,72
Elena Bogdan,0.5523809523809524,0.5,ROU,47,11,105,5,10
Polina Monova,0.4304635761589404,0.5,RUS,41,24,151,15,30
Gala Leon Garcia,0.5,0.5,ESP,194,49,486,37,74
Adriana Serra Zanetti,0.5424836601307189,0.5,ITA,59,24,153,10,20
Nigina Abduraimova,0.5545454545454546,0.5,UZB,439,232,1210,68,136
Rebecca Sramkova,0.5494252873563218,0.5,SVK,150,89,435,28,56
Anne Keothavong,0.5274576271186441,0.49948506694129763,GBR,2508,1382,7375,485,971
Romina Oprandi,0.5434112509632674,0.49946294307196565,SUI,2986,1245,7786,465,931
Virginia Ruano Pascual,0.5249857495724872,0.49928469241773965,ESP,2084,679,5263,349,699
Luksika Kumkhum,0.5594845669763261,0.49872773536895676,THA,1204,663,3337,196,393
Urszula Radwanska,0.5287083299205504,0.4981226533166458,POL,4543,1912,12209,796,1598
Mathilde Johansson,0.5174852652259332,0.4980806142034549,FRA,2689,1262,7635,519,1042
Anastasia Rodionova,0.5230679384854974,0.49777777777777776,AUS,3743,1631,10274,672,1350
Vitalia Diatchenko,0.5195861049519586,0.49722222222222223,RUS,943,463,2706,179,360
Monica Niculescu,0.5294148600294675,0.49697214372224463,ROU,7841,2220,19004,1231,2477
Anna Karolina Schmiedlova,0.5012594458438288,0.49606299212598426,SVK,1598,591,4367,315,635
Annika Beck,0.513398899215014,0.49604221635883905,GER,4478,1212,11083,752,1516
Julia Glushko,0.5036644951140065,0.4958904109589041,ISR,902,335,2456,181,365
Elena Bovina,0.5359430604982206,0.49570200573065903,RUS,1134,372,2810,173,349
Nathalie Vierin,0.4903314917127072,0.4954954954954955,ITA,243,112,724,55,111
Stephanie Dubois,0.5194722281336455,0.49538461538461537,CAN,1757,684,4699,322,650
Varatchaya Wongteanchai,0.5216251638269986,0.49504950495049505,THA,285,113,763,50,101
Emmanuelle Gagliardi,0.5355575065847235,0.4946236559139785,SUI,864,356,2278,138,279
Anna Tatishvili,0.5176684881602914,0.49411764705882355,GEO,3091,1172,8235,546,1105
Edina Gallovits Hall,0.5295935713181888,0.49399038461538464,ROU,2448,979,6471,411,832
Zuzana Kucova,0.4917936694021102,0.4939759036144578,SVK,599,240,1706,123,249
Mariya Koryttseva,0.4997735507246377,0.49375,UKR,1622,585,4416,316,640
Veronica Cepede Royg,0.5423995799422421,0.49324324324324326,PAR,1468,598,3809,219,444
Yvonne Meusburger,0.512455963764469,0.49321266968325794,AUT,3112,961,7948,545,1105
Aliaksandra Sasnovich,0.5494749596122779,0.4930555555555556,BLR,1891,830,4952,284,576
Jana Cepelova,0.528641922334263,0.4928989139515455,SVK,3549,1379,9322,590,1197
Yuliya Beygelzimer,0.5176470588235295,0.4926829268292683,UKR,573,219,1530,101,205
Selima Sfar,0.49883720930232556,0.49230769230769234,TUN,282,147,860,64,130
Natalie Grandin,0.5203045685279187,0.4915254237288136,RSA,148,57,394,29,59
Lisa Maria Moser,0.517467248908297,0.4915254237288136,AUT,159,78,458,29,59
Misa Eguchi,0.5409252669039146,0.4913294797687861,JPN,592,168,1405,85,173
Klara Koukalova,0.5306561491574041,0.4903047091412742,CZE,952,528,2789,177,361
Mashona Washington,0.5418894830659536,0.49029126213592233,USA,664,248,1683,101,206
Denisa Allertova,0.5528275862068965,0.49029126213592233,CZE,1429,575,3625,202,412
Ipek Soylu,0.4804597701149425,0.49029126213592233,TUR,431,196,1305,101,206
Alize Lim,0.4948301329394387,0.49,FRA,259,76,677,49,100
Lyudmyla Kichenok,0.5627283800243605,0.4891304347826087,UKR,298,164,821,45,92
Beatrice Capra,0.49019607843137253,0.4888888888888889,USA,107,43,306,22,45
Carly Gullickson,0.48989298454221164,0.4881889763779528,USA,295,117,841,62,127
Tian Tian Sun,0.5266304347826087,0.4878048780487805,CHN,702,267,1840,120,246
Jil Belen Teichmann,0.561141304347826,0.4878048780487805,SUI,250,163,736,40,82
Conchita Martinez Granados,0.5033365109628217,0.4873417721518987,ESP,397,131,1049,77,158
Daja Bedanova,0.5346534653465347,0.48717948717948717,CZE,101,61,303,19,39
Valentini Grammatikopoulou,0.5386904761904762,0.48717948717948717,GRE,132,49,336,19,39
Naomi Cavaday,0.5394912985274432,0.48717948717948717,GBR,283,120,747,38,78
Samantha Reeves,0.4847250509164969,0.4868421052631579,USA,168,70,491,37,76
Sandra Zaniewska,0.5623003194888179,0.4864864864864865,POL,125,51,313,18,37
Maria Irigoyen,0.49036402569593146,0.4864864864864865,ARG,162,67,467,36,74
Ana Vrljic,0.5144927536231884,0.4861111111111111,CRO,189,95,552,35,72
Kristina Kucova,0.5195115476506504,0.48582995951417,SVK,1379,578,3767,240,494
Madalina Gojnea,0.4879032258064516,0.4857142857142857,ROU,86,35,248,17,35
Patricia Mayr Achleitner,0.5353961556493202,0.4855072463768116,AUT,791,351,2133,134,276
Marie Gaiane Mikaelian,0.5168776371308017,0.4852941176470588,SUI,174,71,474,33,68
Camille Pin,0.5271826031339942,0.4851116625310174,FRA,2701,596,6254,391,806
Antonella Serra Zanetti,0.501854795972443,0.48484848484848486,ITA,712,235,1887,128,264
Maria Elena Camerin,0.5116832237302364,0.48454636091724823,ITA,2541,1116,7147,486,1003
Martina Muller,0.4953219592735278,0.48451730418943534,GER,1316,484,3634,266,549
Ivana Jorovic,0.4948805460750853,0.48412698412698413,SRB,283,152,879,61,126
Eloisa Maria Compostizo De Andres,0.4484848484848485,0.4838709677419355,ESP,59,15,165,15,31
Kyra Nagy,0.46107784431137727,0.4838709677419355,HUN,56,21,167,15,31
Patricia Wartusch,0.4682926829268293,0.4838709677419355,AUT,52,44,205,15,31
Andreja Klepac,0.5306823760432008,0.48360655737704916,SLO,732,349,2037,118,244
Valentyna Ivakhnenko,0.5219512195121951,0.4827586206896552,UKR,72,35,205,14,29
Veronika Chvojkova,0.5240384615384616,0.4827586206896552,CZE,87,22,208,14,29
Katie Swan,0.5050505050505051,0.4827586206896552,GBR,53,47,198,14,29
Iroda Tulyaganova,0.5614406779661016,0.48214285714285715,UZB,159,106,472,27,56
Sara Sorribes Tormo,0.49142091152815015,0.48175182481751827,ESP,1335,498,3730,264,548
Alexandra Cadantu,0.5139854212578403,0.48157248157248156,ROU,2237,795,5899,392,814
Milagros Sequera,0.5084979329352319,0.48135593220338985,VEN,779,328,2177,142,295
Paula Cristina Goncalves,0.549520766773163,0.4811320754716981,BRA,325,191,939,51,106
Madison Brengle,0.5204097714736012,0.48108747044917255,USA,2466,836,6345,407,846
Olivia Rogowska,0.5234464353793367,0.4809384164222874,AUS,940,433,2623,164,341
Darya Kustova,0.5201560468140443,0.4807692307692308,BLR,295,105,769,50,104
Sanaz Marand,0.4606741573033708,0.48,USA,61,21,178,12,25
Tornado Alicia Black,0.42028985507246375,0.48,USA,43,15,138,12,25
Julie Ditty,0.506574827802129,0.4794520547945205,USA,597,212,1597,105,219
Shikha Uberoi,0.4562043795620438,0.4791666666666667,IND,83,42,274,23,48
Barbara Haas,0.5070921985815603,0.4782608695652174,AUT,306,123,846,55,115
Marie Eve Pelletier,0.5185185185185185,0.4772727272727273,CAN,250,128,729,42,88
Anastasia Yakimova,0.49700598802395207,0.47723935389133626,BLR,1618,706,4676,325,681
Angelika Bachmann,0.47549019607843135,0.47692307692307695,GER,151,43,408,31,65
Mervana Jugic Salkic,0.5217391304347826,0.47619047619047616,BIH,119,49,322,20,42
Lauren Albanese,0.4751958224543081,0.47540983606557374,USA,111,71,383,29,61
Rebeka Masarova,0.5409836065573771,0.47540983606557374,SUI,173,91,488,29,61
Anna Smashnova,0.5020673360897815,0.475,ISR,628,222,1693,114,240
Ling Zhang,0.5272435897435898,0.475,HKG,234,95,624,38,80
Teryn Ashley,0.4744525547445255,0.47368421052631576,USA,34,31,137,9,19
Mallory Cecil,0.45722713864306785,0.47368421052631576,USA,98,57,339,27,57
Arina Rodionova,0.538881309686221,0.47368421052631576,RUS,872,313,2199,126,266
Renata Voracova,0.5161290322580645,0.4735576923076923,CZE,1201,447,3193,197,416
Aiko Nakamura,0.5182912974324018,0.47322970639032813,JPN,1598,683,4401,274,579
Amandine Hesse,0.5230607966457023,0.4732142857142857,FRA,304,195,954,53,112
Meng Yuan,0.5137509549274255,0.47277936962750716,CHN,1005,340,2618,165,349
Ye Ra Lee,0.5089974293059126,0.4727272727272727,KOR,145,53,389,26,55
Elise Tamaela,0.5672514619883041,0.47058823529411764,NED,52,45,171,8,17
Sarah Taylor,0.48739495798319327,0.47058823529411764,USA,37,21,119,8,17
Miharu Imanishi,0.5206611570247934,0.47058823529411764,JPN,100,26,242,16,34
Marta Kostyuk,0.554945054945055,0.47058823529411764,UKR,70,31,182,8,17
Yoon Jeong Cho,0.5049900199600799,0.4697986577181208,KOR,380,126,1002,70,149
Sesil Karatantcheva,0.5068787618228718,0.46938775510204084,KAZ,1695,663,4652,299,637
Katie Obrien,0.5069625761531766,0.46885245901639344,GBR,785,380,2298,143,305
Neha Uberoi,0.5043227665706052,0.46808510638297873,USA,131,44,347,22,47
Elitsa Kostova,0.5004108463434676,0.46706586826347307,BUL,439,170,1217,78,167
Jasmina Tinjic,0.46,0.4666666666666667,BIH,36,10,100,7,15
Jing Jing Lu,0.4914860681114551,0.46596858638743455,CHN,417,218,1292,89,191
Carol Zhao,0.512987012987013,0.4659090909090909,CAN,214,102,616,41,88
Valeria Solovieva,0.5024630541871922,0.46551724137931033,RUS,142,62,406,27,58
Barbora Stefkova,0.5267605633802817,0.46511627906976744,CZE,138,49,355,20,43
Sabina Sharipova,0.5266497461928934,0.465,UZB,523,307,1576,93,200
Nadia Lalami,0.4951923076923077,0.4642857142857143,MAR,129,77,416,26,56
Saori Obata,0.5161887141535615,0.4642857142857143,JPN,426,132,1081,65,140
Vasilisa Bardina,0.5147734734077478,0.463768115942029,RUS,562,222,1523,96,207
Junri Namigata,0.5004533091568449,0.46296296296296297,JPN,381,171,1103,75,162
Henrieta Nagyova,0.4789579158316633,0.4625,SVK,174,65,499,37,80
Dia Evtimova,0.491588785046729,0.4625,BUL,203,60,535,37,80
Olga Fridman,0.5050505050505051,0.46153846153846156,UKR,39,11,99,6,13
Ilona Kremen,0.44285714285714284,0.46153846153846156,BLR,18,13,70,6,13
Eva Fernandez Brugues,0.4622222222222222,0.4594594594594595,ESP,82,22,225,17,37
Zuzana Ondraskova,0.4838709677419355,0.4588859416445623,CZE,871,299,2418,173,377
Yi Jing Zhao,0.5,0.4583333333333333,CHN,57,16,146,11,24
Sophie Ferguson,0.5148578811369509,0.4583333333333333,AUS,619,178,1548,88,192
Jia Qi Kang,0.49700598802395207,0.4583333333333333,CHN,61,22,167,11,24
Xiyu Wang,0.5161290322580645,0.4583333333333333,CHN,66,30,186,11,24
Peangtarn Plipuech,0.4891304347826087,0.4574468085106383,THA,232,83,644,43,94
Tadeja Majeric,0.5076608784473953,0.4573643410852713,SLO,370,127,979,59,129
Anne Kremer,0.5029433406916851,0.4572192513368984,LUX,1001,366,2718,171,374
Liana Gabriela Ungur,0.5442622950819672,0.45714285714285713,ROU,127,39,305,16,35
Veronika Kudermetova,0.5191956124314442,0.45588235294117646,RUS,205,79,547,31,68
Hana Sromova,0.486652977412731,0.45517241379310347,CZE,353,121,974,66,145
Wing Yau Venise Chan,0.3469387755102041,0.45454545454545453,HKG,12,5,49,5,11
Lamia Essaadi,0.38,0.45454545454545453,MAR,14,5,50,5,11
Tina Pisnik,0.5362318840579711,0.45454545454545453,SLO,202,94,552,30,66
Nadia Podoroska,0.48576214405360135,0.45454545454545453,ARG,207,83,597,40,88
Laura Pigossi,0.48201438848920863,0.45454545454545453,BRA,48,19,139,10,22
Camila Silva,0.41818181818181815,0.45454545454545453,CHI,13,10,55,5,11
Susanne Celik,0.3888888888888889,0.45454545454545453,SWE,16,5,54,5,11
Nan Nan Liu,0.47244094488188976,0.45454545454545453,CHN,39,21,127,10,22
Anna Kalinskaya,0.5417218543046357,0.45454545454545453,RUS,285,124,755,40,88
Sharon Fichman,0.5167748917748918,0.4525862068965517,CAN,696,259,1848,105,232
Iveta Benesova,0.509090909090909,0.4523809523809524,CZE,107,61,330,19,42
Yurika Sema,0.5152224824355972,0.45098039215686275,JPN,173,47,427,23,51
Maria Vento Kabchi,0.48774193548387096,0.45045045045045046,VEN,518,238,1550,100,222
Erika Sema,0.5006622516556292,0.45045045045045046,JPN,309,69,755,50,111
Ya Hsuan Lee,0.4931506849315068,0.4489795918367347,TPE,344,160,1022,66,147
Nungnadda Wannasuk,0.47668393782383417,0.4482758620689655,THA,65,27,193,13,29
Magdalena Frech,0.5264900662251656,0.4473684210526316,POL,218,100,604,34,76
Fangzhou Liu,0.5621468926553672,0.4473684210526316,CHN,397,200,1062,51,114
Allie Kiick,0.45661157024793386,0.4470588235294118,USA,151,70,484,38,85
Zhaoxuan Yang,0.5229591836734694,0.44680851063829785,CHN,156,49,392,21,47
Myriam Casanova,0.5268505079825835,0.4457831325301205,SUI,236,127,689,37,83
Anca Barna,0.5047318611987381,0.44565217391304346,GER,229,91,634,41,92
Maria Abramovic,0.5,0.4444444444444444,CRO,46,15,122,8,18
Chi Chi Scholl,0.5276381909547738,0.4444444444444444,USA,65,40,199,12,27
Els Callens,0.5378670788253478,0.4444444444444444,BEL,252,96,647,32,72
Isha Lakhani,0.4827586206896552,0.4444444444444444,IND,15,13,58,4,9
Dally Randriantefy,0.4684065934065934,0.4444444444444444,MAD,252,89,728,48,108
Claudia Giovine,0.47619047619047616,0.4444444444444444,ITA,22,8,63,4,9
Mira Antonitsch,0.5081967213114754,0.4444444444444444,AUT,20,11,61,4,9
Katie Boulter,0.5747126436781609,0.4444444444444444,GBR,34,16,87,4,9
Lena Rueffer,0.45901639344262296,0.4444444444444444,GER,16,12,61,4,9
Nadia Echeverria Alam,0.42,0.4444444444444444,USA,14,7,50,4,9
Alina Abdurakhimova,0.46296296296296297,0.4444444444444444,UZB,18,7,54,4,9
Carmen Klaschka,0.4489795918367347,0.4444444444444444,GER,15,7,49,4,9
Teodora Mircic,0.4444444444444444,0.4444444444444444,SRB,18,10,63,4,9
Kai Lin Zhang,0.5016304347826087,0.4444444444444444,CHN,579,344,1840,108,243
Olga Puchkova,0.48973214285714284,0.44305772230889234,RUS,1520,674,4480,284,641
Neuza Silva,0.5141955835962145,0.4418604651162791,POR,123,40,317,19,43
Ximena Hermoso,0.4793814432989691,0.4406779661016949,MEX,135,51,388,26,59
Reka Luca Jani,0.5165562913907285,0.4406779661016949,HUN,172,62,453,26,59
Pemra Ozgen,0.5102564102564102,0.44,TUR,142,57,390,22,50
Marcela Zacarias,0.40993788819875776,0.4375,MEX,51,15,161,14,32
Hanyu Guo,0.4959349593495935,0.4375,CHN,45,16,123,7,16
Martina Navratilova,0.5944444444444444,0.4375,USA,76,31,180,7,16
Paula Kania,0.5211459754433834,0.43617021276595747,POL,264,118,733,41,94
Nika Ozegovic,0.47607655502392343,0.43548387096774194,CRO,137,62,418,27,62
Michaela Pastikova,0.5074906367041199,0.43478260869565216,CZE,181,90,534,30,69
Ekaterina Afinogenova,0.49295774647887325,0.43478260869565216,RUS,61,9,142,10,23
Aleksandrina Naydenova,0.3925233644859813,0.43478260869565216,BUL,24,18,107,10,23
Amber Liu,0.5145348837209303,0.43478260869565216,USA,120,57,344,20,46
Miyu Kato,0.5093984962406015,0.4321608040201005,JPN,580,233,1596,86,199
Lesley Kerkhove,0.5305039787798409,0.4318181818181818,NED,280,120,754,38,88
Yuliana Lizarazo,0.4734042553191489,0.42857142857142855,COL,61,28,188,12,28
Lina Stanciute,0.5531914893617021,0.42857142857142855,LTU,50,28,141,6,14
Maria Sanchez,0.5623869801084991,0.42857142857142855,USA,219,92,553,27,63
Janet Lee,0.49295774647887325,0.42857142857142855,TPE,26,9,71,3,7
Cristina Dinu,0.47619047619047616,0.42857142857142855,ROU,14,6,42,3,7
Nikola Hofmanova,0.4748201438848921,0.42857142857142855,AUT,48,18,139,9,21
Margit Ruutel,0.5294117647058824,0.42857142857142855,EST,28,8,68,3,7
Vanessa Henke,0.5245901639344263,0.42857142857142855,GER,23,9,61,3,7
Victoria Kan,0.4838709677419355,0.42857142857142855,RUS,20,10,62,3,7
Chun Mei Ji,0.48936170212765956,0.42857142857142855,CHN,18,5,47,3,7
Tiffany Welford,0.582089552238806,0.42857142857142855,AUS,28,11,67,3,7
Jasmin Woehr,0.6111111111111112,0.42857142857142855,GER,20,24,72,3,7
Celine Beigbeder,0.5272727272727272,0.42857142857142855,FRA,19,10,55,3,7
Diana Marcinkevica,0.5272727272727272,0.42857142857142855,LAT,22,7,55,3,7
Bianca Andreescu,0.5745007680491552,0.42857142857142855,CAN,240,134,651,27,63
Lenka Jurikova,0.40229885057471265,0.42424242424242425,SVK,46,24,174,14,33
Cornelia Lister,0.4791666666666667,0.4230769230769231,SWE,63,29,192,11,26
Nastja Kolar,0.5476190476190477,0.42105263157894735,SLO,87,28,210,8,19
Anna Blinkova,0.5192135835567471,0.4206896551724138,RUS,381,200,1119,61,145
Viktoriya Tomova,0.5336976320582878,0.42028985507246375,BUL,233,60,549,29,69
Nadiya Kichenok,0.5233022636484687,0.4186046511627907,UKR,287,106,751,36,86
Lenka Wienerova,0.47202797202797203,0.4177215189873418,SVK,185,85,572,33,79
Ekaterina Shulaeva,0.5050505050505051,0.4166666666666667,CAN,32,18,99,5,12
Sanja Ancic,0.423728813559322,0.4166666666666667,CRO,16,9,59,5,12
Cindy Burger,0.5153061224489796,0.4166666666666667,NED,186,117,588,30,72
Asa Svensson,0.5294117647058824,0.4166666666666667,SWE,28,17,85,5,12
Ashley Weinhold,0.38235294117647056,0.4166666666666667,USA,47,18,170,15,36
Rita Atik,0.34615384615384615,0.4166666666666667,MAR,13,5,52,5,12
Cindy Watson,0.47674418604651164,0.4166666666666667,AUS,34,7,86,5,12
Julie Pullin,0.3793103448275862,0.4166666666666667,GBR,15,7,58,5,12
Olga Danilovic,0.5873015873015873,0.4166666666666667,SRB,47,27,126,5,12
Tetiana Luzhanska,0.503006012024048,0.4126984126984127,USA,168,83,499,26,63
Danielle Rose Collins,0.5253576072821846,0.41237113402061853,USA,281,123,769,40,97
Eugenia Kulikovskaya,0.525974025974026,0.4117647058823529,RUS,58,23,154,7,17
Sheng Nan Sun,0.4875,0.4117647058823529,CHN,85,32,240,14,34
Vanda Lukacs,0.4482758620689655,0.4117647058823529,HUN,60,31,203,14,34
Xiaodi You,0.4406779661016949,0.4107142857142857,CHN,99,57,354,23,56
Catalina Pella,0.5441988950276243,0.41025641025641024,ARG,143,54,362,16,39
Hiroko Kuwata,0.4633152173913043,0.4095238095238095,JPN,237,104,736,43,105
Gail Brodsky,0.5277777777777778,0.4090909090909091,USA,63,32,180,9,22
Michaela Gordon,0.46853146853146854,0.4090909090909091,USA,39,28,143,9,22
Dalma Galfi,0.5067567567567568,0.4090909090909091,HUN,50,25,148,9,22
Jamie Loeb,0.546079779917469,0.40789473684210525,USA,234,163,727,31,76
Lina Gjorcheska,0.55,0.4074074074074074,MKD,92,40,240,11,27
Anna Floris,0.46919431279620855,0.40625,ITA,70,29,211,13,32
So Jung Kim,0.49318801089918257,0.40384615384615385,KOR,126,55,367,21,52
Bianca Botto,0.47058823529411764,0.4,PER,34,14,102,6,15
Agnes Bukta,0.4726027397260274,0.4,HUN,51,18,146,8,20
Chang Liu,0.45652173913043476,0.4,CHN,32,10,92,4,10
Giulia Gatto Monticone,0.425,0.4,ITA,43,8,120,8,20
Komola Umarova,0.3877551020408163,0.4,UZB,16,3,49,4,10
Sandra Roma,0.4583333333333333,0.4,SWE,59,29,192,12,30
Olga Ianchuk,0.43333333333333335,0.4,UKR,18,8,60,4,10
Maria Fernanda Herazo Gonzalez,0.3076923076923077,0.4,COL,8,4,39,4,10
Jennifer Elie,0.5517241379310345,0.4,USA,26,6,58,2,5
Natasa Zoric,0.6065573770491803,0.4,SRB,25,12,61,2,5
Hilda Melander,0.4339622641509434,0.4,SWE,15,8,53,4,10
Alejandra Granillo,0.3409090909090909,0.4,MEX,11,4,44,4,10
Monica Seles,0.3898305084745763,0.4,USA,16,7,59,4,10
Rutuja Bhosale,0.43137254901960786,0.4,IND,14,8,51,4,10
Ellen Allgurin,0.4262295081967213,0.4,SWE,62,16,183,12,30
Ekaterine Gorgodze,0.4074074074074074,0.4,GEO,15,7,54,4,10
Ching Wen Hsu,0.5514018691588785,0.4,TPE,129,48,321,14,35
Fatma Al Nabhani,0.41786743515850144,0.3968253968253968,OMA,92,53,347,25,63
Myrtille Georges,0.45318352059925093,0.39473684210526316,FRA,85,36,267,15,38
Chieh Yu Hsu,0.48095238095238096,0.39285714285714285,USA,64,37,210,11,28
Melanie Klaffner,0.5040783034257749,0.3918918918918919,AUT,210,99,613,29,74
Hilary Barte,0.483695652173913,0.391304347826087,USA,69,20,184,9,23
Frederica Piedade,0.37850467289719625,0.3902439024390244,POR,51,30,214,16,41
Sofya Zhuk,0.54673721340388,0.3870967741935484,RUS,225,85,567,24,62
Jorgelina Cravero,0.4583333333333333,0.38461538461538464,ARG,42,35,168,10,26
Xenia Knoll,0.5,0.38461538461538464,SUI,35,16,102,5,13
Kamilla Farhad,0.3446327683615819,0.38461538461538464,AZE,44,17,177,15,39
Nudnida Luangnam,0.48255813953488375,0.38461538461538464,THA,183,66,516,25,65
Sung Hee Han,0.39444444444444443,0.38235294117647056,KOR,51,20,180,13,34
Martina Trevisan,0.4870689655172414,0.38235294117647056,ITA,84,29,232,13,34
Lubomira Kurhajcova,0.5205479452054794,0.375,SVK,132,58,365,15,40
Bahia Mouhtassine,0.38095238095238093,0.375,MAR,10,6,42,3,8
Angelika Roesch,0.45021645021645024,0.375,GER,78,26,231,12,32
Stephanie Gehrlein,0.5042016806722689,0.375,GER,42,18,119,6,16
Bernarda Pera,0.53,0.375,CRO,104,55,300,12,32
Ana Sofia Sanchez,0.45408163265306123,0.375,MEX,62,27,196,12,32
Anna Gerasimou,0.6058394160583942,0.375,GRE,52,31,137,3,8
Jade Lewis,0.49606299212598426,0.375,NZL,51,12,127,6,16
Tessah Andrianjafitrimo,0.43564356435643564,0.375,FRA,26,18,101,6,16
Nan Nan Zhang,0.453125,0.375,CHN,25,4,64,3,8
Csilla Borsanyi,0.46153846153846156,0.375,HUN,11,13,52,3,8
Arina Folts,0.37209302325581395,0.375,UZB,6,10,43,3,8
Catherine Harrison,0.4666666666666667,0.375,USA,15,6,45,3,8
Aurelie Vedy,0.358974358974359,0.375,FRA,7,7,39,3,8
Stanislava Hrozenska,0.40425531914893614,0.375,SVK,14,5,47,3,8
Theresa Logar,0.49019607843137253,0.375,USA,12,13,51,3,8
Rebecca Llewellyn,0.32432432432432434,0.375,GBR,7,5,37,3,8
Tara Iyer,0.41379310344827586,0.375,IND,19,5,58,3,8
Indy De Vroome,0.5157894736842106,0.3684210526315789,NED,66,32,190,7,19
Melissa Torres Sandoval,0.5082872928176796,0.36585365853658536,MEX,131,53,362,15,41
Cristina Torrens Valero,0.48582995951417,0.36363636363636365,ESP,80,40,247,12,33
Karolina Muchova,0.5172413793103449,0.36363636363636365,CZE,32,13,87,4,11
Veronika Kapshay,0.4305555555555556,0.36363636363636365,UKR,24,7,72,4,11
Sophie Lefevre,0.5619047619047619,0.36363636363636365,FRA,37,22,105,4,11
Tetyana Arefyeva,0.5258358662613982,0.36363636363636365,UKR,114,59,329,12,33
Fiona Ferro,0.456973293768546,0.3584905660377358,FRA,99,55,337,19,53
Meiling Wang,0.543859649122807,0.35714285714285715,CHN,42,20,114,5,14
Shuko Aoyama,0.43859649122807015,0.3541666666666667,JPN,95,30,285,17,48
Seda Noorlander,0.4473684210526316,0.35294117647058826,NED,29,22,114,6,17
Malou Ejdesgaard,0.4044943820224719,0.35294117647058826,DEN,27,9,89,6,17
Katarina Zavatska,0.50625,0.35,UKR,55,26,160,7,20
Anna Brazhnikova,0.3541666666666667,0.35,SWE,23,11,96,7,20
Lina Qostal,0.32978723404255317,0.35,MAR,16,15,94,7,20
Monique Adamczak,0.5011764705882353,0.35,AUS,296,130,850,35,100
Yue Yue Hu,0.42758620689655175,0.34782608695652173,CHN,43,19,145,8,23
Gabriela Ce,0.4429530201342282,0.34782608695652173,BRA,47,19,149,8,23
Tamaryn Hendler,0.48773006134969327,0.34210526315789475,BEL,117,42,326,13,38
Yi Fan Xu,0.4910344827586207,0.33695652173913043,CHN,245,111,725,31,92
Lauren Breadmore,0.4897959183673469,0.3333333333333333,AUS,11,13,49,2,6
Hao Chen Tang,0.4166666666666667,0.3333333333333333,CHN,22,13,84,5,15
Lina Bennani,0.325,0.3333333333333333,MAR,8,5,40,3,9
Magali De Lattre,0.34146341463414637,0.3333333333333333,POR,18,10,82,6,18
Olesya Pervushina,0.527027027027027,0.3333333333333333,RUS,55,23,148,5,15
Karman Thandi,0.5217391304347826,0.3333333333333333,IND,19,5,46,2,6
Ayano Shimizu,0.325,0.3333333333333333,JPN,8,5,40,3,9
Maria Mateas,0.4482758620689655,0.3333333333333333,USA,23,3,58,3,9
Alexandra Mueller,0.5486111111111112,0.3333333333333333,USA,50,29,144,5,15
Silvia Albano,0.35,0.3333333333333333,ITA,8,6,40,3,9
Nina Khrisanova,0.325,0.3333333333333333,RUS,11,2,40,3,9
Kinnie Laisne,0.5084745762711864,0.3333333333333333,FRA,21,9,59,2,6
Charlotte Robillard Millette,0.5192307692307693,0.3333333333333333,CAN,24,3,52,2,6
Courtney Collins,0.4666666666666667,0.3333333333333333,USA,14,7,45,2,6
Michaela Pochabova,0.4861111111111111,0.3333333333333333,SVK,20,15,72,3,9
Olivia Lukaszewicz,0.325,0.3333333333333333,AUS,7,6,40,3,9
Joannette Kruger,0.3191489361702128,0.3333333333333333,RSA,13,2,47,3,9
Anna Fitzpatrick,0.6724137931034483,0.3333333333333333,GBR,30,9,58,1,3
Lenka Tvaroskova,0.36065573770491804,0.3333333333333333,SVK,19,3,61,4,12
Nicole Rottmann,0.41304347826086957,0.3333333333333333,AUT,11,8,46,3,9
Yevheniia Savranska,0.5,0.3333333333333333,UKR,19,10,58,2,6
Tina Schiechtl,0.4485981308411215,0.3333333333333333,AUT,33,15,107,5,15
Akiko Yonemura,0.4166666666666667,0.3333333333333333,JPN,11,9,48,3,9
Marta Sirotkina,0.583941605839416,0.3333333333333333,RUS,50,30,137,4,12
Lavinia Tananta,0.42857142857142855,0.3333333333333333,INA,9,15,56,3,9
Karen Barbat,0.4782608695652174,0.3333333333333333,DEN,20,13,69,3,9
Iva Majoli,0.4594594594594595,0.3333333333333333,CRO,82,20,222,11,33
Marina Melnikova,0.4316109422492401,0.3269230769230769,RUS,105,37,329,17,52
Yan Chong Chen,0.45454545454545453,0.3125,CHN,38,12,110,5,16
Barbara Luz,0.3125,0.3125,POR,13,7,64,5,16
So Ra Lee,0.44642857142857145,0.3125,KOR,31,19,112,5,16
Chia Jung Chuang,0.5073170731707317,0.3076923076923077,TPE,76,28,205,8,26
Ksenia Palkina,0.45348837209302323,0.3076923076923077,KGZ,51,27,172,8,26
Libuse Prusova,0.43137254901960786,0.3,CZE,53,13,153,6,20
Brienne Minor,0.43333333333333335,0.3,USA,16,10,60,3,10
Yue Yuan,0.49382716049382713,0.3,CHN,30,10,81,3,10
Haruka Kaji,0.30612244897959184,0.3,JPN,12,3,49,3,10
Nadia Abdala,0.3023255813953488,0.3,MEX,6,7,43,3,10
Bea Bielik,0.5102040816326531,0.3,USA,35,15,98,3,10
Vlada Ekshibarova,0.4583333333333333,0.3,UZB,29,4,72,3,10
Maddison Inglis,0.42201834862385323,0.29411764705882354,AUS,28,18,109,5,17
Ani Mijacika,0.5067567567567568,0.29411764705882354,CRO,52,23,148,5,17
Marine Partaud,0.3684210526315789,0.2857142857142857,FRA,13,1,38,2,7
Kyoka Okamura,0.5094339622641509,0.2857142857142857,JPN,20,7,53,2,7
Anna Orlik,0.5373134328358209,0.2857142857142857,BLR,31,5,67,2,7
Taysia Rogers,0.3225806451612903,0.2857142857142857,USA,6,4,31,2,7
Alexis King,0.4230769230769231,0.2857142857142857,USA,15,7,52,2,7
Lubomira Bacheva,0.4576271186440678,0.2857142857142857,BUL,21,6,59,2,7
Daniela Munoz Gallegos,0.4418604651162791,0.2857142857142857,MEX,16,3,43,2,7
Ksenia Milevskaya,0.4444444444444444,0.2727272727272727,BLR,26,10,81,3,11
Chin Wei Chan,0.4473684210526316,0.26666666666666666,TPE,31,20,114,4,15
Victoria Rodriguez,0.4427083333333333,0.25925925925925924,MEX,64,21,192,7,27
Valeriya Strakhova,0.4074074074074074,0.25,UKR,17,5,54,2,8
Gabriela Lastra,0.36,0.25,USA,11,7,50,2,8
Ana Catarina Nogueira,0.4507042253521127,0.25,POR,23,9,71,2,8
Ivana Abramovic,0.325,0.25,CRO,11,2,40,2,8
Petra Krejsova,0.625,0.2222222222222222,CZE,53,12,104,2,9
Maite Gabarrus Alonso,0.3,0.2222222222222222,ESP,10,5,50,2,9
Mailyne Andrieux,0.24444444444444444,0.2222222222222222,FRA,6,5,45,2,9
Nicole Kriz,0.2,0.2222222222222222,AUS,3,4,35,2,9
Oksana Kalashnikova,0.5232558139534884,0.2222222222222222,GEO,30,15,86,2,9
Emiliana Arango,0.37209302325581395,0.21428571428571427,COL,26,6,86,3,14
Tomoko Yonemura,0.38613861386138615,0.2,JPN,22,17,101,3,15
Chompoothip Jandakate,0.4772727272727273,0.2,THA,18,3,44,1,5
Emina Bektas,0.42592592592592593,0.16666666666666666,USA,18,5,54,1,6
Ellen Barry,0.37777777777777777,0.16666666666666666,NZL,12,5,45,1,6
Wynne Prakusya,0.38461538461538464,0.16666666666666666,INA,8,7,39,1,6
Deborah Chiesa,0.5,0.16666666666666666,ITA,19,10,58,1,6
Annalisa Bona,0.4423076923076923,0.16666666666666666,ITA,13,10,52,1,6
Anna Giulia Remondina,0.5384615384615384,0.16666666666666666,ITA,26,9,65,1,6
Ayu Fani Damayanti,0.4146341463414634,0.16666666666666666,INA,13,4,41,1,6
Nazrin Jafarova,0.21052631578947367,0.15384615384615385,AZE,8,4,57,2,13
Henrietta Habler,0.28205128205128205,0.14285714285714285,HUN,7,4,39,1,7
Brittany Augustine,0.2777777777777778,0.14285714285714285,USA,8,2,36,1,7
Amandine Dulon,0.4642857142857143,0.14285714285714285,FRA,18,8,56,1,7
Ghita Benhadi,0.3333333333333333,0.14285714285714285,MAR,6,6,36,1,7
Martina Caregaro,0.35714285714285715,0.14285714285714285,ITA,10,5,42,1,7
Barbara Schwartz,0.34146341463414637,0.14285714285714285,AUT,9,5,41,1,7
Nadejda Guskova,0.27906976744186046,0.125,RUS,9,3,43,1,8
Emelyn Starr,0.2,0.125,AUS,3,4,35,1,8
Alyssa Mayo,0.23684210526315788,0.125,USA,5,4,38,1,8
Tara Snyder,0.37777777777777777,0.0,USA,13,4,45,0,6
Prarthana G Thombare,0.2,0.0,IND,2,4,30,0,6
Yanin Wisitwarapron,0.07692307692307693,0.0,THA,1,1,26,0,6
Ingrid Neel,0.46808510638297873,0.0,USA,14,8,47,0,5
Beatrice Gumulya,0.44,0.0,INA,14,8,50,0,5
Oxana Lyubtsova,0.125,0.0,UKR,4,0,32,0,7
Anais Laurendon,0.3225806451612903,0.0,FRA,5,5,31,0,5
Michaela Johansson,0.3157894736842105,0.0,SWE,10,2,38,0,6
